#{"t_start": 1769913444.6572013, "env_id": "None"}
r,l,t
-1.40225,4,112.0147
-2.0058,5,145.639814
-2.00245,2,162.487712
-2.0017,3,182.943496
-2.00205,4,217.278207
-2.0041,4,244.395081
-2.00105,3,271.257101
-2.00285,2,286.046273
-2.0013,3,306.58614
-2.01575,11,392.547386
-2.00225,3,417.221715
-2.0036,6,463.911251
-2.00845,9,530.109658
-2.00085,2,548.076778
-2.00125,2,560.854049
-2.00735,5,596.373538
-2.0176,18,724.966966
-2.00125,2,743.745368
-2.00245,2,760.600493
-2.00205,4,794.024223
-2.0021,3,818.601378
-2.0025,3,840.993579
-2.00145,2,855.463313
-2.01085,10,930.83867
-2.00145,2,947.459131
-2.00245,3,965.605347
-2.0033,4,994.844869
-2.0058,6,1041.375986
-2.0073,8,1104.540106
-2.00595,4,1131.777753
-2.01855,8,1186.232028
-2.00145,2,1202.952776
-2.00245,2,1217.689031
-2.0074,5,1252.517471
-2.00735,4,1277.719274
-2.0245,14,1375.969443
-2.00795,8,1438.747297
-2.0066,6,1480.504089
-2.00675,4,1514.105416
-2.00285,2,1531.286355
-2.0098,5,1568.422465
-2.00245,2,1587.444526
-2.01155,8,1640.472394
-2.00555,4,1675.779479
-2.0037,4,1709.107031
-2.00165,2,1723.530229
-2.01025,6,1766.206565
-2.01845,10,1837.432389
-2.00125,5,1873.88204
-2.0205,12,1959.231978
-2.00305,2,1980.461576
-2.0029,4,2011.643739
-2.00225,2,2028.076488
-2.00245,4,2057.488373
-2.0033,3,2083.900222
-2.00185,3,2105.974033
-2.00765,10,2177.350275
-2.00675,4,2208.615966
-2.02025,11,2288.201802
-2.00875,9,2354.562019
-2.00165,2,2369.312615
-2.00205,2,2387.873494
-2.00315,4,2419.455045
-2.00265,3,2441.768592
-2.00555,4,2473.598482
-2.0025,5,2513.179458
-2.0049,4,2547.165204
-2.00725,7,2599.073561
-2.00205,2,2613.888606
-2.0049,5,2654.554984
-2.00655,4,2689.641347
-2.00525,7,2743.636854
-2.00495,5,2782.573523
-2.00205,2,2797.456101
-2.0041,3,2824.438233
-2.00245,2,2841.137954
-2.00245,5,2878.254489
-2.00125,3,2900.316535
-2.00495,8,2953.298055
-2.00165,3,2975.216417
-2.0053,3,2999.975608
-2.00125,2,3016.528907
-2.0066,5,3053.521066
-2.00125,2,3070.418635
-2.00245,2,3086.94652
-2.018,9,3149.187206
-2.0021,4,3186.894619
-2.00205,2,3203.913166
-2.01025,6,3241.771797
-2.00675,4,3275.289902
-2.0013,4,3305.002695
-2.0082,5,3343.396214
-2.00825,6,3390.133936
-2.00125,2,3406.727693
-2.00925,7,3460.191051
-2.0021,3,3484.193108
-2.0185,11,3568.222308
-2.00315,4,3602.094666
-2.00125,2,3618.830514
-2.00085,2,3635.893688
-2.00165,2,3653.118764
-2.0045,3,3675.277217
-2.00735,4,3705.059077
-2.0033,3,3727.193497
-2.0117,7,3781.936093
-2.0082,5,3818.924753
-2.0029,3,3844.993815
-2.0053,5,3892.256385
-2.0135,9,3954.623386
-2.00435,4,3985.318545
-2.00285,2,4001.961013
-2.00265,3,4024.359584
-2.00795,5,4067.654746
-2.005,5,4104.806022
-2.0041,3,4128.730122
-2.00105,7,4178.649603
-2.00165,3,4198.947941
-2.00735,4,4228.508123
-2.00105,3,4252.493788
-2.0082,5,4291.241839
-2.00145,2,4308.173638
-2.01155,10,4388.206387
-2.00185,2,4402.581223
-2.01155,9,4473.109274
-2.0148,9,4536.834208
-2.00145,2,4551.785163
-2.00205,2,4566.655721
-2.0037,4,4595.97192
-2.00245,2,4612.521023
-2.00205,2,4627.163729
-2.00125,3,4651.247632
-2.00085,2,4666.375517
-2.00735,5,4705.796938
-2.0029,6,4747.586433
-2.00125,3,4772.240952
-2.00105,2,4788.536394
-2.01495,9,4859.86778
-2.00825,7,4913.140962
-2.00675,4,4947.184446
-2.009,7,4997.464697
-2.00125,2,5014.264165
-2.00245,3,5038.299985
-2.00125,2,5052.802481
-2.00375,4,5080.525197
-2.00105,2,5097.214416
-2.00085,3,5118.728594
-2.00165,5,5153.376094
-2.0049,3,5171.17141
-2.00735,5,5207.559258
-2.0033,5,5242.796905
-2.01575,8,5299.374337
-2.00315,6,5343.744404
-2.00795,4,5371.098716
-2.01715,8,5427.741971
-2.01325,6,5469.567092
-2.0042,8,5528.855621
-2.0029,3,5549.089603
-2.00285,3,5568.754878
-2.0033,3,5590.763991
-2.00975,5,5636.622764
-2.01225,6,5683.333708
-2.00975,4,5714.398208
-2.0106,6,5763.12021
-2.00185,2,5777.515762
-2.00265,2,5792.732145
-2.00615,4,5824.209362
-2.0066,5,5860.93503
-2.00145,2,5876.098432
-2.00225,2,5892.827324
-2.00145,2,5907.664017
-2.00145,3,5929.610129
-2.00245,3,5953.952554
-2.00555,6,5996.711894
-2.00065,3,6020.46247
-2.00225,5,6059.594741
-2.00245,4,6089.239343
-2.00735,4,6122.673523
-2.0049,3,6144.924172
-2.0021,3,6164.818253
-2.0171,7,6213.651039
-2.0045,5,6252.908585
-2.00305,2,6270.149045
-2.00205,2,6282.728725
-2.0074,5,6323.511617
-2.00925,6,6361.985244
-2.00065,3,6383.851742
-2.0135,7,6426.279614
-2.009,7,6476.801677
-2.00225,2,6493.499689
-2.02135,9,6555.61648
-2.00435,5,6586.18949
-2.0111,7,6628.839356
-2.00315,4,6660.627748
-2.00125,3,6682.38421
-2.0025,3,6702.457974
-2.00495,4,6736.995589
-2.00185,2,6751.649967
-2.0082,6,6795.149103
-2.0107,7,6846.372439
-2.0116,9,6910.247118
-2.00165,3,6933.831558
-2.00795,4,6963.439527
-2.0057,4,6995.412286
-2.0045,3,7019.80375
-2.00285,2,7034.263498
-2.0041,3,7056.112644
-2.00245,2,7070.56681
-2.00735,6,7114.605652
-2.00525,6,7153.756786
-2.00185,3,7180.458909
-2.00675,4,7206.777097
-2.00145,2,7223.606168
-2.00145,4,7253.166711
-2.00555,4,7282.648171
-2.01855,8,7344.24714
-2.00205,4,7369.572125
-2.02915,12,7447.449131
-2.0058,6,7495.719372
-2.0259,16,7607.13903
-2.0063,10,7673.910513
-2.00205,2,7690.640529
-2.0029,4,7722.97509
-2.0066,5,7781.685426
-2.0087,7,7828.271231
-2.0106,5,7866.421504
-2.01325,6,7905.19937
-2.00205,2,7920.776502
-2.0037,4,7949.07371
-2.00145,2,7965.972918
-2.00725,8,8022.210892
-2.00315,4,8054.928647
-2.01025,7,8099.389239
-2.00185,3,8121.831616
-2.02025,10,8191.529239
-2.00725,10,8260.754797
-2.0037,3,8286.997918
-2.0021,3,8311.650696
-2.00165,2,8326.676391
-2.00205,6,8368.53505
-2.00185,2,8383.803104
-2.00725,6,8427.726061
-2.00165,2,8440.934652
-2.00105,2,8456.214958
-2.00185,2,8473.219714
-2.0198,13,8564.408555
-2.00555,6,8611.911783
-2.00735,5,8650.343612
-2.00145,4,8680.462066
-2.00195,5,8718.561723
-2.01455,15,8826.077492
-2.0219,11,8911.395672
-2.00525,6,8954.195146
-2.0041,3,8974.60755
-2.00555,7,9025.976811
-2.00205,3,9048.715885
-2.01715,9,9112.670862
-2.00205,2,9125.618428
-2.0123,8,9190.903523
-2.00185,5,9230.716382
-2.0021,4,9260.954485
-2.0017,3,9282.123422
-2.00225,2,9299.303449
-2.0114,8,9358.192243
-2.0125,11,9437.230511
-2.00795,4,9467.397659
-2.0061,4,9504.790317
-2.02735,12,9593.649321
-2.00225,2,9610.949193
-2.005,6,9651.833536
-2.0058,5,9691.663055
-2.00795,4,9720.186819
-2.01855,8,9778.998686
-2.0041,3,9804.53545
-2.0025,3,9827.071498
-2.00225,6,9869.847858
-2.0033,3,9892.862073
-2.0075,8,9951.003339
-2.00555,5,9987.201831
-2.0098,5,10025.202141
-2.0025,3,10050.076029
-2.01575,8,10107.449131
-2.0049,3,10130.609783
-2.00375,10,10198.720608
-2.0017,3,10219.409909
-2.0255,15,10322.781314
-2.01165,7,10370.975548
-2.00265,2,10390.623888
-2.0082,5,10429.105679
-2.00125,4,10459.192024
-2.0049,3,10481.944155
-2.0098,6,10527.346033
-2.00205,2,10542.129812
-2.0111,7,10599.125388
-2.0058,6,10643.682171
-2.00225,3,10666.21538
-2.0287,15,10766.142562
-2.00555,4,10799.074613
-2.00305,2,10816.280111
-2.00675,5,10852.72125
-2.00285,2,10876.415383
-2.00875,8,10946.247269
-2.00795,4,10976.786422
-2.00725,6,11021.931067
-2.0033,3,11043.402046
-2.00435,6,11088.662602
-2.01125,6,11131.490227
-2.00205,3,11153.820913
-2.0021,3,11171.915384
-2.00125,3,11196.61486
-2.0082,6,11239.289417
-2.00795,4,11268.979545
-2.0074,6,11315.196945
-2.00105,4,11345.600309
-2.00245,2,11362.720367
-2.0053,3,11385.241558
-2.00725,6,11436.653862
-2.00205,2,11452.183884
-2.0042,8,11509.088392
-2.01425,6,11555.238435
-2.00245,2,11570.365688
-2.0082,5,11608.631431
-2.0106,6,11656.8951
-2.00675,4,11682.530492
-2.00485,11,11759.251159
-2.009,6,11807.095342
-2.005,6,11848.331728
-2.00375,4,11873.993421
-2.00085,5,11911.561998
-2.0087,8,11978.33969
-2.02205,10,12047.09572
-2.00225,3,12072.327029
-2.0021,5,12107.833293
-2.00245,2,12124.787898
-2.00495,4,12156.874808
-2.01625,9,12215.19173
-2.01325,6,12255.807358
-2.00145,2,12275.165634
-2.00225,3,12299.992526
-2.0122,5,12333.088168
-2.00725,6,12373.245599
-2.00435,6,12420.954032
-2.0033,8,12480.633262
-2.00205,3,12508.213636
-2.0037,4,12540.361536
-2.0058,5,12575.931901
-2.00795,4,12606.16791
-2.02035,12,12688.787524
-2.01225,6,12733.428932
-2.01385,6,12778.257182
-2.00735,11,12862.78793
-2.00145,3,12883.617008
-2.01325,9,12948.912276
-2.0061,3,12978.145915
-2.00145,2,12993.230862
-2.00675,5,13026.327866
-2.0106,6,13069.944541
-2.0159,7,13124.413462
-2.00615,4,13152.882822
-2.00145,2,13174.887154
-2.00555,4,13203.575784
-2.0061,5,13241.426466
-2.00205,4,13271.260691
-2.00325,6,13319.852003
-2.00205,2,13334.986377
-2.00165,3,13361.343066
-2.00675,4,13389.235173
-2.00615,5,13428.880809
-2.00495,4,13461.229826
-2.00495,6,13506.691288
-2.00205,3,13531.543003
-2.0135,7,13588.270587
-2.0132,10,13658.767268
-2.00225,2,13676.051203
-2.00615,4,13707.196178
-2.00325,3,13729.576216
-2.0106,5,13762.349694
-2.0027,3,13789.314597
-2.00305,3,13813.970885
-2.00305,2,13829.068532
-2.00325,7,13881.681437
-2.00455,4,13905.876809
-2.0058,7,13946.828954
-2.01025,6,13992.360494
-2.0033,3,14012.925354
-2.01435,8,14066.966929
-2.0074,5,14098.043903
-2.0045,3,14122.718262
-2.00795,4,14148.591178
-2.00245,3,14168.822428
-2.01305,10,14242.087278
-2.00105,3,14268.849174
-2.00145,2,14284.200276
-2.0061,3,14306.674965
-2.00915,5,14341.6263
-2.0017,4,14371.586571
-2.0114,5,14411.348905
-2.0146,5,14442.893283
-2.0037,3,14467.478437
-2.02275,8,14521.449521
-2.0164,10,14594.666574
-2.00285,4,14622.564008
-2.0045,4,14652.73857
-2.02565,15,14762.23423
-2.00185,2,14781.274695
-2.01855,9,14851.271721
-2.00205,2,14866.134566
-2.0041,3,14890.56354
-2.00595,4,14923.011607
-2.00185,2,14942.991285
-2.0261,12,15033.456246
-2.01025,6,15073.643459
-2.0078,5,15106.812548
-2.00165,3,15128.937828
-2.01855,8,15189.966352
-2.00615,4,15215.818305
-2.00555,5,15248.97921
-2.00185,3,15271.45533
-2.0082,9,15343.839139
-2.00325,2,15358.904894
-2.00125,2,15376.79392
-2.00205,3,15405.354988
-2.0098,5,15443.649502
-2.00855,4,15474.417083
-2.00725,8,15531.265711
-2.0098,7,15577.170665
-2.0578,21,15723.265093
-2.0106,8,15781.146114
-2.0033,4,15807.152848
-2.00725,6,15845.861968
-2.0195,9,15900.447599
-2.0045,3,15925.564806
-2.00145,3,15957.77687
-2.00345,2,15972.827101
-2.02385,10,16041.887887
-2.00325,4,16071.809707
-2.0276,9,16137.694539
-2.0037,4,16168.099253
-2.0045,5,16201.070706
-2.02255,15,16298.165601
-2.01425,7,16347.267752
-2.0069,4,16372.717868
-2.00345,5,16408.222874
-2.00205,3,16428.616827
-2.00655,9,16492.553241
-2.0057,3,16515.176136
-2.0337,12,16598.951979
-2.0074,6,16641.933058
-2.00365,2,16659.080631
-2.00385,3,16679.879461
-2.01525,6,16720.772339
-2.00225,2,16735.533613
-2.0135,7,16781.620643
-2.00245,2,16796.805961
-2.00855,4,16822.227657
-2.00205,2,16841.034338
-2.00165,2,16856.244298
-2.02475,13,16949.216556
-2.00325,4,16980.976858
-2.0082,5,17012.41147
-2.01155,5,17055.150122
-2.00795,4,17085.78703
-2.00305,2,17105.272002
-2.00205,3,17127.953769
-2.01025,7,17172.638503
-2.0244,10,17247.553316
-2.0058,6,17290.7231
-2.00285,3,17316.314651
-2.0171,7,17369.540419
-2.01715,9,17435.75275
-2.00385,5,17469.211274
-2.00985,6,17509.594889
-2.00495,5,17545.149214
-2.00125,3,17570.088853
-2.00675,4,17598.003318
-2.00145,3,17625.572417
-2.0122,6,17668.526158
-2.0051,8,17731.690373
-2.00365,3,17754.182686
-2.02415,8,17807.664422
-2.0106,7,17860.483487
-2.00285,3,17881.630475
-2.00285,2,17898.775168
-2.00695,5,17929.918897
-2.0159,15,18039.052027
-2.005,5,18078.58812
-2.0106,6,18122.405601
-2.0021,3,18143.116335
-2.00915,4,18168.540109
-2.0009,3,18197.411956
-2.00425,3,18222.101843
-2.01695,4,18254.648195
-2.00995,6,18299.552975
-2.00405,2,18316.782335
-2.00265,4,18344.881769
-2.0037,4,18379.145258
-2.01435,9,18440.007633
-2.0058,5,18475.876433
-2.02645,10,18551.405337
-2.0069,3,18573.714988
-2.00305,2,18588.55467
-2.00245,2,18603.964614
-2.00145,6,18645.328798
-2.00125,2,18662.28813
-2.0206,13,18749.749276
-2.01125,9,18810.634275
-2.0041,4,18842.900259
-2.00495,4,18873.464912
-2.00735,7,18922.155284
-2.0057,4,18954.721798
-2.0212,12,19036.346857
-2.0061,3,19060.842275
-2.0652,21,19205.423354
-2.00325,4,19231.761389
-2.005,5,19272.187346
-2.0065,4,19297.922537
-2.01715,11,19372.207511
-2.0049,3,19394.513111
-2.00265,3,19412.595074
-2.00465,2,19429.62253
-2.00225,2,19442.96909
-2.00285,2,19460.301094
-2.01825,6,19502.100832
-2.00405,2,19514.736289
-2.00355,4,19545.899602
-2.01095,4,19573.451313
-2.05335,13,19669.01806
-2.01125,8,19727.373417
-2.00365,4,19753.639521
-2.0065,3,19774.118019
-2.00495,4,19802.061355
-2.01825,7,19852.30182
-2.00365,3,19875.494334
-2.0045,4,19906.198013
-2.0061,3,19928.967716
-2.0082,8,19984.932315
-2.01425,6,20030.077677
-2.00425,2,20045.23808
-2.0053,4,20077.177709
-2.00185,3,20097.619656
-2.0073,4,20127.417638
-2.01225,6,20172.835776
-2.0049,6,20217.491391
-2.0265,11,20289.484294
-2.0037,3,20309.685847
-2.009,5,20342.931453
-2.0082,6,20389.558122
-2.0081,3,20413.451476
-2.0069,9,20474.98308
-2.0134,6,20520.161854
-2.0255,8,20577.998344
-2.00855,4,20612.611433
-2.00975,4,20640.372912
-2.00735,5,20676.279691
-2.009,5,20711.789113
-2.00265,2,20726.522754
-2.0385,11,20805.053213
-2.04185,10,20878.105776
-2.00735,4,20908.437027
-2.02135,11,20991.992018
-2.0049,4,21022.538742
-2.00405,4,21058.039521
-2.00615,4,21084.495376
-2.0069,4,21113.687369
-2.02555,13,21203.41705
-2.00205,3,21225.885487
-2.01095,5,21261.390703
-2.01155,4,21288.968426
-2.0111,9,21356.910708
-2.0074,6,21400.150283
-2.00925,11,21478.885482
-2.02075,8,21541.186888
-2.0066,5,21583.051575
-2.017,5,21621.179245
-2.00225,2,21638.672649
-2.0186,7,21690.865076
-2.0085,6,21740.323018
-2.00485,2,21758.818848
-2.0069,3,21790.811906
-2.00305,2,21805.619046
-2.00205,3,21829.994686
-2.04225,14,21929.41314
-2.0148,10,22004.00983
-2.0057,5,22037.765213
-2.0066,6,22087.750742
-2.0085,5,22120.809975
-2.01995,8,22179.234554
-2.0069,7,22225.355386
-2.00145,5,22262.658077
-2.0089,4,22294.863484
-2.01215,7,22350.121762
-2.0049,5,22385.838816
-2.0085,3,22410.623035
-2.00205,3,22428.658151
-2.00405,4,22459.135337
-2.0069,3,22479.429385
-2.00975,6,22522.513662
-2.0029,3,22543.026837
-2.00285,2,22558.424612
-2.0069,3,22583.17979
-2.00305,2,22598.269539
-2.01275,5,22629.196784
-2.00915,4,22661.508004
-2.01625,6,22700.401838
-2.00065,3,22720.99176
-2.0325,11,22800.428482
-2.00225,3,22818.43856
-2.00615,5,22855.272565
-2.0041,3,22876.079216
-2.03465,10,22938.489508
-2.0077,4,22965.971353
-2.0089,5,22999.865951
-2.0057,5,23034.925883
-2.00965,9,23087.183753
-2.01095,5,23118.656911
-2.01335,8,23171.597115
-2.0189,7,23224.372878
-2.01725,6,23267.579034
-2.01095,4,23297.419883
-2.0178,7,23350.470927
-2.0138,5,23385.531666
-2.0128,14,23477.087926
-2.0445,16,23592.776699
-2.01275,6,23634.044833
-2.00465,2,23650.270926
-2.03795,15,23756.293337
-2.0159,10,23822.716848
-2.01095,8,23872.360368
-2.00265,2,23887.681247
-2.01025,6,23933.226128
-2.00345,2,23948.794141
-2.0116,14,24047.995931
-2.00265,2,24065.418735
-2.0292,10,24133.959818
-2.01325,7,24179.727549
-2.0285,13,24260.274666
-2.0045,4,24286.393451
-2.0171,7,24330.337915
-2.00615,6,24376.503229
-2.0061,5,24416.340193
-2.0123,7,24468.071108
-2.0159,7,24510.568221
-2.01025,8,24569.984728
-2.0146,5,24603.677541
-2.034,9,24664.914286
-2.0089,4,24690.716124
-2.00345,4,24720.493255
-2.016,9,24784.682358
-2.0219,9,24843.533872
-2.0073,3,24866.162163
-2.00305,3,24888.520887
-2.02985,14,24983.754214
-2.0114,6,25027.261434
-2.0231,7,25078.55126
-2.0243,10,25147.79194
-2.02565,11,25227.036862
-2.0065,7,25281.744567
-2.00325,3,25304.524888
-2.02925,12,25400.158814
-2.00345,3,25424.754629
-2.0077,4,25454.190845
-2.02745,11,25534.757249
-2.00345,2,25553.030562
-2.0138,7,25605.820505
-2.02275,8,25669.13562
-2.0159,8,25731.115563
-2.02555,8,25791.532501
-2.00465,2,25804.819686
-2.00385,2,25819.577802
-2.03105,11,25898.765389
-2.0085,5,25934.33221
-2.0065,8,25988.122004
-2.00325,3,26006.344793
-2.00975,5,26040.077271
-2.03285,11,26107.767819
-2.0183,9,26174.697994
-2.0308,9,26242.284969
-2.0071,3,26265.057611
-2.0111,7,26316.14797
-2.0073,3,26338.912052
-2.0146,5,26372.396345
-2.00245,2,26387.978508
-2.01035,8,26442.928011
-2.0097,3,26463.849826
-2.00365,6,26506.789119
-2.0465,13,26593.236445
-2.0194,6,26633.947415
-2.0069,4,26659.784937
-2.0081,10,26730.739257
-2.02145,15,26831.153403
-2.0445,12,26906.148116
-2.0196,12,26992.359792
-2.02675,14,27082.878285
-2.01625,8,27134.968883
-2.02225,8,27189.224599
-2.00305,3,27209.525854
-2.0053,4,27241.780164
-2.01335,4,27272.362134
-2.013,5,27310.243688
-2.00385,2,27326.54401
-2.02225,6,27365.834953
-2.00145,2,27381.041492
-2.01575,5,27414.689474
-2.03135,8,27468.258335
-2.0183,10,27539.22541
-2.05525,15,27637.262833
-2.00405,2,27650.091838
-2.00915,5,27683.562726
-2.0093,4,27709.239578
-2.00225,2,27724.128361
-2.0136,8,27778.317979
-2.0465,13,27865.802963
-2.0065,4,27899.018383
-2.00445,2,27911.766145
-2.00465,2,27924.920943
-2.0089,5,27956.017299
-2.01215,4,27986.176067
-2.00915,6,28024.945418
-2.027,13,28113.241529
-2.0195,7,28165.337774
-2.00345,7,28213.910026
-2.0308,9,28274.086471
-2.0194,5,28312.116625
-2.0267,8,28365.975472
-2.01945,8,28426.153701
-2.00405,2,28441.411447
-2.0486,13,28532.068602
-2.0049,6,28575.363613
-2.00105,2,28595.095428
-2.02225,6,28637.793285
-2.01695,4,28665.695464
-2.0648,18,28785.31403
-2.02325,7,28835.740774
-2.005,8,28884.762359
-2.00365,2,28902.407496
-2.0122,5,28934.306854
-2.01155,7,28982.524489
-2.02325,7,29033.07201
-2.0226,7,29076.997693
-2.00405,6,29120.742731
-2.0215,7,29166.552633
-2.01625,6,29209.943193
-2.02245,10,29270.989607
-2.00185,2,29284.195658
-2.03585,10,29355.40518
-2.0421,11,29432.048596
-2.0183,9,29489.086591
-2.0069,4,29514.774645
-2.00435,5,29543.668808
-2.03105,10,29610.091065
-2.00425,4,29640.15362
-2.02025,11,29714.213918
-2.00265,2,29729.261495
-2.0178,5,29764.932838
-2.01085,8,29823.472416
-2.00385,7,29873.370093
-2.01645,8,29924.604155
-2.06675,17,30034.667167
-2.00265,10,30094.688214
-2.0077,9,30147.408175
-2.03135,14,30228.112047
-2.02975,8,30277.382362
-2.0045,3,30295.605438
-2.0097,4,30319.181765
-2.00225,2,30332.19561
-2.0045,5,30366.720159
-2.0138,5,30402.303487
-2.00305,3,30422.742979
-2.0324,13,30509.346996
-2.01425,8,30561.236926
-2.00405,2,30573.974461
-2.02325,11,30641.656878
-2.018,10,30707.07935
-2.0114,6,30743.800584
-2.00975,4,30769.647089
-2.051,13,30851.353034
-2.03115,8,30903.469396
-2.0093,5,30936.68435
-2.0305,11,31006.835686
-2.0122,7,31050.815207
-2.0445,12,31132.677402
-2.0037,3,31157.783996
-2.0356,10,31221.956745
-2.00205,2,31237.541991
-2.0069,5,31269.450827
-2.026,12,31345.285222
-2.00205,3,31363.621226
-2.00795,10,31423.940526
-2.00425,3,31442.191332
-2.02315,26,31617.051784
-2.0332,10,31687.549878
-2.00405,3,31707.889255
-2.00385,2,31725.315491
-2.0265,11,31802.058834
-2.0097,4,31827.681118
-2.00225,4,31855.725879
-2.01095,6,31898.887751
-2.05835,21,32044.585595
-2.03295,9,32103.098326
-2.00735,4,32130.987258
-2.0145,16,32231.496229
-2.00445,4,32261.657806
-2.0051,8,32313.619988
-2.0135,20,32431.510091
-2.00245,2,32446.469472
-2.00465,4,32479.386894
-2.00405,4,32512.150854
-2.00385,9,32576.081561
-2.00425,2,32591.361994
-2.0098,6,32640.968555
-2.0069,5,32676.520189
-2.0574,20,32811.805883
-2.0069,3,32834.809939
-2.0333,19,32967.587013
-2.00265,5,33009.314304
-2.02565,19,33141.184029
-2.0267,8,33195.83157
-2.00245,3,33220.732694
-2.00265,2,33238.060457
-2.0073,7,33288.800698
-2.034,11,33361.378234
-2.00385,4,33389.437808
-2.0114,5,33422.861746
-2.00225,11,33492.540894
-2.00795,5,33528.040336
-2.02275,13,33620.020647
-2.005,12,33701.829899
-2.00345,2,33715.017435
-2.0356,9,33774.208607
-2.0045,3,33797.081842
-2.00305,8,33848.27494
-2.00205,2,33865.687765
-2.01425,6,33906.549729
-2.00405,2,33919.393044
-2.01335,8,33983.80492
-2.0081,9,34041.566309
-2.034,11,34109.845003
-2.0098,5,34140.808114
-2.02665,14,34223.397564
-2.0207,8,34278.324666
-2.01515,8,34327.964513
-2.01335,8,34373.029085
-2.0138,11,34444.335419
-2.0106,5,34475.867665
-2.0228,9,34539.990341
-2.00675,4,34563.521335
-2.0183,7,34603.957434
-2.00205,3,34626.198461
-2.009,5,34655.325779
-2.0098,6,34692.209849
-2.0049,6,34733.131863
-2.0552,14,34828.329415
-2.0186,5,34860.133019
-2.0276,10,34918.307579
-2.00545,9,34973.969196
-2.0057,8,35018.807426
-2.026,9,35068.987461
-2.0065,3,35087.172737
-2.10215,20,35222.14835
-2.0109,3,35244.648416
-2.0065,4,35270.820035
-2.00305,2,35286.059408
-2.0456,18,35394.514652
-2.0061,6,35433.284267
-2.00365,10,35501.740042
-2.02625,13,35578.409573
-2.00365,2,35591.1687
-2.0073,5,35624.51339
-2.0066,7,35670.992673
-2.0325,11,35745.218384
-2.00795,6,35784.18729
-2.00445,2,35799.136651
-2.02125,7,35845.433574
-2.00265,2,35860.525572
-2.00915,4,35888.071994
-2.0279,13,35965.442745
-2.00365,5,35996.353246
-2.02425,7,36044.58573
-2.0146,7,36099.131395
-2.0657,20,36232.478312
-2.02695,9,36295.338196
-2.00495,7,36346.338276
-2.05175,20,36474.227432
-2.0292,11,36545.746916
-2.0528,13,36630.5373
-2.0065,3,36656.172372
-2.01925,7,36704.533512
-2.009,8,36759.372453
-2.0085,4,36791.360087
-2.0264,22,36929.954304
-2.05345,19,37047.783244
-2.02105,6,37087.22596
-2.0053,6,37125.899868
-2.08625,25,37276.358594
-2.00305,3,37294.63107
-2.03465,11,37363.913411
-2.0073,7,37403.859878
-2.00325,2,37416.516779
-2.0073,3,37434.935493
-2.0357,12,37516.568581
-2.00405,2,37529.917793
-2.01325,7,37581.421908
-2.04745,15,37683.185252
-2.0154,6,37725.839946
-2.02325,7,37768.269478
-2.01335,6,37811.732555
-2.0207,13,37892.658482
-2.03185,19,38011.372699
-2.02555,8,38061.023982
-2.00385,5,38100.68553
-2.00735,4,38129.237425
-2.017,5,38160.83714
-2.0146,6,38205.985995
-2.0582,13,38284.830642
-2.0255,12,38363.17942
-2.0847,29,38543.738377
-2.017,6,38578.441475
-2.01825,9,38631.180499
-2.00325,2,38643.846122
-2.01255,8,38691.290478
-2.02415,8,38741.396932
-2.0207,7,38790.778748
-2.00305,7,38837.345978
-2.00975,4,38863.645547
-2.0171,9,38920.129232
-2.0186,5,38949.484211
-2.0582,13,39032.150133
-2.0291,8,39078.495624
-2.0099,9,39129.087747
-2.0215,9,39180.30258
-2.05485,22,39309.844613
-2.0201,13,39389.826552
-2.01395,7,39431.427336
-2.0385,12,39506.661314
-2.0308,12,39574.04681
-2.01225,9,39626.855177
-2.01035,4,39652.761352
-2.0053,4,39678.3619
-2.0049,7,39718.38572
-2.00225,3,39736.988637
-2.0049,3,39755.268915
-2.01625,8,39812.269121
-2.02425,8,39862.364563
-2.01725,13,39945.426031
-2.00225,3,39963.534045
-2.0287,16,40064.058175
-2.0451,15,40153.30326
-2.01575,4,40181.293807
-2.0212,12,40262.082148
-2.00325,9,40320.727473
-2.0077,6,40359.177297
-2.0114,9,40414.033419
-2.04575,26,40565.892164
-2.0089,3,40584.59612
-2.01425,10,40644.561675
-2.00445,3,40662.779292
-2.0207,8,40713.948369
-2.0106,7,40753.333334
-2.00525,2,40766.43456
-2.0106,7,40806.150315
-2.02975,8,40858.62136
-2.0207,10,40916.509711
-2.0465,16,41014.342616
-2.0803,23,41143.462849
-2.00615,7,41186.427377
-2.0678,13,41290.809659
-2.02525,7,41331.115965
-2.02145,11,41391.058993
-2.00385,7,41435.729592
-2.01925,7,41480.27493
-2.13285,28,41643.770135
-2.03025,9,41697.112216
-2.0081,5,41725.346053
-2.01295,4,41753.892684
-2.0271,10,41809.993369
-2.0089,4,41832.981255
-2.00365,4,41855.992145
-2.01275,6,41889.181244
-2.00285,18,41990.028959
-2.075,27,42144.871209
-2.02025,8,42188.203945
-2.0073,7,42226.019168
-2.04895,12,42290.010327
-2.04245,11,42358.088954
-2.009,6,42391.235307
-2.096,29,42548.464854
-2.0109,4,42573.564107
-2.01275,6,42609.739092
-2.0433,11,42677.904811
-2.04005,10,42741.688348
-2.02925,17,42836.386808
-2.00585,3,42860.023383
-2.00585,2,42872.558279
-2.00485,2,42884.878312
-2.0365,17,42976.643287
-2.00955,4,43004.314161
-2.01425,6,43037.276064
-2.02425,7,43075.814911
-2.00345,3,43093.592967
-2.00525,3,43111.180398
-2.0178,9,43166.107096
-2.0455,16,43253.092248
-2.03425,6,43286.28034
-2.0303,7,43324.573076
-2.0057,4,43347.215126
-2.0673,15,43426.463388
-2.00385,5,43454.470545
-2.0202,5,43482.753682
-2.0093,4,43505.88161
-2.04335,12,43577.715383
-2.0153,4,43600.316841
-2.00875,6,43633.161438
-2.0339,7,43678.86897
-2.0455,17,43771.311753
-2.0101,3,43789.029636
-2.16115,39,44011.714406
-2.0516,11,44072.323005
-2.01755,4,44094.826362
-2.00445,2,44107.511025
-2.00245,2,44122.067607
-2.01575,5,44150.163152
-2.01525,6,44184.695425
-2.01455,4,44207.37338
-2.00325,4,44230.57666
-2.00325,2,44243.208842
-2.0244,10,44298.823294
-2.0827,23,44438.622218
-2.005,9,44491.097713
-2.0243,9,44545.055851
-2.01755,4,44569.835762
-2.01025,8,44614.245133
-2.0093,3,44633.71841
-2.03875,13,44702.824695
-2.0125,13,44776.842387
-2.0085,8,44820.103572
-2.00425,3,44837.520987
-2.0469,12,44902.280303
-2.0077,3,44920.094128
-2.01425,6,44953.617428
-2.01395,4,44976.226783
-2.00975,4,45005.180503
-2.00505,2,45018.003822
-2.0219,8,45061.308103
-2.00325,3,45078.631248
-2.0147,8,45122.183327
-2.0049,3,45139.638125
-2.0276,11,45198.804876
-2.03825,15,45277.737891
-2.00285,5,45311.988041
-2.0091,11,45373.095115
-2.00385,2,45385.274069
-2.00385,4,45407.777257
-2.0081,5,45435.990891
-2.0388,10,45489.732935
-2.01035,5,45520.088854
-2.024,13,45589.741973
-2.0097,6,45628.387655
-2.03105,11,45686.545032
-2.02005,6,45719.248538
-2.0155,8,45763.234009
-2.00325,7,45801.675507
-2.0101,3,45819.125629
-2.03365,12,45883.409907
-2.05175,17,45973.358403
-2.00625,11,46032.711862
-2.01995,12,46096.922526
-2.029,7,46135.570747
-2.00865,10,46190.629194
-2.01095,6,46223.787704
-2.02525,6,46257.356636
-2.0065,3,46275.146705
-2.0122,9,46324.876163
-2.00305,2,46337.005983
-2.0097,3,46354.26671
-2.01275,5,46382.155762
-2.02385,10,46436.762105
-2.1299,27,46577.497329
-2.07345,15,46656.258179
-2.03535,14,46731.417981
-2.00445,2,46743.975692
-2.00365,2,46756.338184
-2.00545,6,46789.885416
-2.0114,5,46817.916161
-2.0186,5,46846.087662
-2.02415,8,46889.685598
-2.06525,15,46969.420188
-2.042,9,47018.534601
-2.017,6,47053.107878
-2.01755,4,47077.36132
-2.01155,6,47110.538774
-2.0356,11,47169.51404
-2.03705,17,47261.123422
-2.00545,5,47290.281871
-2.05685,13,47359.463055
-2.00425,2,47372.066136
-2.0558,13,47446.599391
-2.05035,20,47556.60972
-2.0372,15,47638.093309
-2.00425,4,47661.113089
-2.05425,15,47745.217114
-2.00795,4,47768.018691
-2.00285,2,47780.668952
-2.0097,5,47808.473029
-2.027,16,47899.084128
-2.0478,13,47971.802364
-2.01925,8,48021.14486
-2.00565,3,48038.889241
-2.0279,7,48076.741603
-2.0113,3,48094.357597
-2.00915,8,48137.488771
-2.0077,4,48160.039303
-2.00925,6,48197.057064
-2.04545,12,48265.896738
-2.01635,4,48289.043945
-2.01275,8,48338.34101
-2.0138,5,48368.994692
-2.01825,7,48407.623007
-2.00795,4,48430.760986
-2.0065,3,48448.449962
-2.02025,6,48481.445029
-2.0069,3,48498.847134
-2.01395,7,48537.255332
-2.0226,5,48565.316818
-2.01395,5,48593.358048
-2.0077,3,48611.088387
-2.0324,15,48690.819443
-2.0073,10,48749.507798
-2.04545,10,48803.339588
-2.01905,7,48847.177928
-2.01525,12,48917.309949
-2.0053,3,48934.748168
-2.00325,5,48962.867919
-2.01685,8,49008.534846
-2.00465,4,49035.316578
-2.00425,2,49051.511405
-2.0539,15,49139.861985
-2.0101,4,49166.926616
-2.00165,4,49194.707405
-2.00375,5,49227.44448
-2.034,10,49288.268002
-2.0186,12,49357.903864
-2.00445,2,49370.388821
-2.0243,7,49408.39816
-2.0429,14,49482.654746
-2.0162,6,49515.514793
-2.0089,3,49533.295163
-2.00385,2,49545.484918
-2.01725,6,49578.737904
-2.0273,7,49617.612533
-2.00805,4,49645.269979
-1.9952,13,49717.946386
-2.0693,16,49803.16715
-2.00385,2,49815.768779
-2.00605,2,49828.237142
-2.0073,4,49851.045884
-2.00545,2,49863.426461
-2.01635,4,49891.252778
-2.0082,5,49919.088438
-2.0125,4,49943.882674
-2.03475,12,50015.490452
-2.00485,2,50027.927047
-2.00385,3,50048.078981
-2.0121,3,50067.419137
-2.0468,9,50116.178753
-2.0847,15,50200.701006
-2.00345,3,50218.164123
-2.01215,7,50256.372929
-2.0324,10,50317.977457
-2.00445,2,50332.479239
-2.00915,4,50355.112078
-2.04895,13,50435.788566
-2.01825,6,50477.716377
-2.0085,4,50502.402619
-2.01225,7,50549.511048
-2.0061,5,50577.787982
-2.03115,9,50630.980353
-2.00485,5,50660.78223
-2.02725,7,50707.127698
-2.01575,5,50734.997565
-2.0228,11,50794.255638
-2.0077,5,50822.095253
-2.06695,19,50922.2304
-2.0404,12,50992.181252
-2.026,9,51041.113183
-2.00425,10,51102.362688
-2.0089,3,51120.100041
-2.03825,10,51183.690761
-2.00385,2,51195.885134
-2.05625,10,51262.553659
-2.00445,6,51300.275104
-2.0219,12,51373.605039
-2.0505,13,51447.510468
-2.01005,6,51481.229462
-2.0113,3,51498.734027
-2.00685,3,51516.484599
-2.0057,5,51544.785498
-2.0285,11,51603.942564
-2.01695,5,51631.901244
-2.0043,3,51649.388852
-2.00385,2,51667.081676
-2.0097,4,51692.015092
-2.00365,3,51711.673968
-2.02935,9,51768.493791
-2.04235,15,51853.280729
-2.0037,3,51873.162544
-2.0065,3,51892.618618
-2.0783,25,52031.693469
-2.01405,11,52098.821156
-2.0216,10,52156.29889
-2.04365,10,52215.020074
-2.0183,7,52262.708563
-2.01275,6,52300.789608
-2.01035,7,52339.784364
-2.01035,4,52362.411684
-2.0066,6,52400.688726
-2.0041,4,52431.172824
-2.02225,10,52494.672233
-2.0438,13,52568.906087
-2.0073,5,52599.280697
-2.009,11,52662.569536
-2.06235,17,52764.063993
-2.05005,14,52843.069849
-2.0077,4,52865.416591
-2.01035,4,52888.051023
-2.02915,13,52969.067127
-2.0057,6,53002.50944
-2.0162,6,53038.744263
-2.01135,16,53134.925922
-2.0202,11,53195.724411
-2.00245,3,53213.217311
-2.00245,5,53241.267514
-2.0111,8,53284.899437
-2.01715,8,53328.58236
-2.0065,5,53356.708252
-2.01095,7,53395.190297
-2.00325,2,53407.919506
-2.0073,4,53430.811009
-2.04275,21,53549.947935
-2.00285,6,53583.108846
-2.0279,8,53626.358815
-2.0057,4,53648.887931
-2.02925,10,53707.571071
-2.00465,5,53735.403038
-2.00285,2,53747.595356
-2.01395,4,53769.952685
-2.00855,5,53797.870984
-2.0045,6,53836.24065
-2.00185,2,53848.814582
-2.01755,4,53871.593631
-2.00975,5,53903.830606
-2.02045,10,53965.139357
-2.0073,5,53995.225255
-2.02425,6,54028.157415
-2.00205,4,54051.372961
-2.00675,6,54083.747886
-2.02555,11,54142.133263
-2.00425,2,54154.54442
-2.0292,11,54213.542719
-2.03105,11,54279.964024
-2.0077,3,54298.242972
-2.00385,4,54321.332925
-2.01225,6,54354.74533
-2.01575,4,54377.782425
-2.0059,5,54405.929362
-2.00405,2,54418.559824
-2.00465,2,54430.970057
-2.02225,6,54463.949921
-2.0111,12,54533.230911
-2.0073,3,54550.832321
-2.0065,8,54601.82531
-2.00485,2,54614.493117
-2.0081,3,54632.2284
-2.00205,3,54650.139208
-2.00245,4,54672.779458
-2.00285,6,54706.6689
-2.01435,12,54776.141955
-2.01575,7,54815.021714
-2.01575,5,54843.561202
-2.0324,9,54891.833917
-2.0303,8,54941.227914
-2.06205,17,55049.986835
-2.01575,4,55076.679769
-2.00345,5,55112.092057
-2.01825,6,55154.158469
-2.0101,3,55176.804204
-2.0106,10,55239.604654
-2.00465,4,55265.360241
-2.01005,8,55316.566962
-2.0427,16,55411.188349
-2.0069,3,55429.063427
-2.0003,4,55454.30803
-2.0744,17,55546.903874
-2.02385,11,55608.914217
-2.018,11,55684.823776
-2.01015,12,55762.280133
-2.06935,21,55894.141377
-2.04005,10,55952.630967
-2.0146,8,56000.626846
-2.00855,6,56038.804451
-2.01025,6,56078.969463
-2.0345,12,56156.534193
-2.0215,12,56224.323895
-2.0155,11,56285.705826
-2.02745,13,56371.729505
-2.00385,2,56390.695384
-2.0436,11,56462.379109
-2.0041,5,56495.387463
-2.04065,15,56581.202155
-2.0113,12,56653.700091
-2.01215,6,56693.500599
-2.02415,11,56757.091851
-2.00365,4,56781.9626
-2.19945,46,57048.38488
-2.0105,4,57074.22265
-2.00795,4,57099.118069
-2.0162,5,57133.912015
-2.03465,14,57215.491821
-2.04895,13,57294.934711
-2.00225,2,57309.310532
-2.00325,2,57321.628388
-2.0159,7,57360.098953
-2.0045,3,57380.439592
-2.02005,6,57415.988195
-2.0267,7,57461.650607
-2.05795,20,57576.04469
-2.0194,7,57617.14721
-2.04275,16,57708.183789
-2.0085,4,57730.886268
-2.04685,16,57822.540569
-2.00365,10,57884.90146
-2.00445,2,57899.422667
-2.01215,6,57939.198395
-2.0081,3,57959.267589
-2.00245,4,57984.255071
-2.01815,13,58068.900604
-2.02125,6,58104.074323
-2.06045,15,58185.270225
-2.02425,10,58243.204998
-2.0279,7,58282.005945
-2.00285,4,58305.040026
-2.00365,3,58322.672961
-2.0246,13,58400.769413
-2.0171,8,58449.387887
-2.039,14,58529.03472
-2.00385,3,58546.605511
-2.0291,9,58598.622889
-2.0186,6,58634.813594
-2.00855,7,58683.268661
-2.00345,4,58708.295099
-2.00245,2,58723.656831
-2.00465,3,58741.65923
-2.0098,5,58774.787216
-2.0291,9,58833.111584
-2.0244,9,58889.683405
-2.00855,5,58924.850273
-2.04005,10,58982.855278
-1.99805,10,59037.349319
-2.0178,7,59077.702177
-2.0146,6,59116.303531
-2.0384,13,59192.536147
-2.0049,6,59235.435344
-2.0077,7,59276.742765
-2.00325,3,59296.33653
-2.00285,2,59308.905735
-2.0098,14,59390.363677
-2.00285,2,59407.993491
-2.01665,10,59469.221547
-2.0029,4,59494.485457
-2.00345,4,59517.477665
-2.00365,3,59535.347701
-2.00795,9,59586.822847
-2.00245,3,59604.291183
-2.04225,15,59704.907984
-2.0061,3,59726.813557
-2.01925,9,59784.496278
-2.00165,3,59804.373912
-2.0085,3,59826.542748
-2.00855,4,59856.558275
-2.0219,7,59903.635562
-2.017,13,59987.231428
-2.0162,10,60042.537146
-2.02025,10,60099.106562
-2.02695,8,60142.88103
-2.017,6,60176.77775
-2.00185,2,60189.182374
-2.0462,15,60269.553512
-2.00325,2,60282.278513
-2.0231,7,60321.738829
-2.0074,5,60349.919966
-2.00495,5,60378.237058
-2.0225,12,60443.569474
-2.0073,5,60471.692339
-2.00345,2,60484.245847
-2.0114,5,60512.387748
-2.01625,8,60556.503609
-2.0041,3,60574.011974
-2.009,5,60602.26606
-2.03075,16,60696.331086
-2.0114,6,60732.025958
-2.00305,3,60754.117076
-2.01725,7,60800.226643
-2.0661,28,60966.460544
-2.00775,15,61062.821511
-2.0069,3,61081.179962
-2.01855,9,61136.540233
-2.11395,44,61377.881584
-2.00345,7,61420.013987
-2.04005,10,61475.594401
-2.0053,7,61513.936828
-2.00485,2,61526.545838
-2.0114,8,61570.223084
-2.00365,10,61624.197897
-2.01125,17,61715.20362
-2.04375,9,61763.403483
-2.02525,9,61812.266386
-2.00485,5,61840.474385
-2.00365,2,61852.959579
-2.0147,17,61943.926008
-2.0114,10,61998.492614
-2.03955,8,62042.13067
-2.00505,3,62059.277467
-2.00855,6,62093.876807
-2.00305,5,62121.523215
-2.03175,18,62217.52809
-2.00325,6,62256.00036
-2.0135,8,62302.455434
-2.0074,6,62340.905021
-2.0133,7,62380.153531
-2.0605,11,62440.046511
-2.04005,11,62499.212455
-2.01625,7,62538.239898
-2.0214,5,62568.457077
-2.0255,7,62607.8111
-2.01155,5,62635.743038
-2.02835,8,62684.246026
-2.03575,12,62758.619418
-2.00325,5,62786.943427
-2.04025,15,62867.619981
-2.00225,7,62905.398736
-2.0345,15,62986.56932
-2.0803,23,63108.788527
-2.0289,13,63178.896243
-2.0146,5,63207.069168
-2.00325,2,63219.729437
-2.00435,4,63242.753116
-2.091,30,63416.115751
-2.01095,4,63439.417191
-2.0057,7,63483.458859
-2.1005,31,63649.135483
-2.0195,9,63700.394693
-2.0171,7,63738.725082
-2.01335,5,63767.021324
-2.04805,28,63931.573516
-2.02025,10,63990.226707
-2.01575,10,64049.412784
-2.00285,2,64064.089201
-2.0148,9,64117.886697
-2.0198,26,64265.189946
-2.04235,9,64314.794633
-2.01275,4,64337.591013
-2.0027,4,64360.788809
-2.021,5,64388.665078
-2.00185,5,64422.034091
-2.0081,3,64439.807001
-2.00605,3,64457.626888
-2.012,5,64485.197127
-2.00385,3,64502.554529
-2.00405,4,64525.039954
-2.02725,17,64614.817634
-2.009,6,64647.903297
-2.0093,13,64716.801311
-2.0441,17,64806.049778
-2.0267,7,64844.000712
-2.0089,9,64893.496642
-2.0114,7,64931.367013
-2.0154,5,64959.071184
-2.07725,26,65108.7183
-2.1116,26,65257.46263
-2.02025,10,65318.029898
-2.021,7,65358.623788
-2.0065,3,65379.9075
-2.00385,3,65399.873313
-2.02865,16,65503.296178
-2.03465,10,65564.122622
-2.00995,12,65627.753893
-2.03215,16,65717.664438
-2.0093,3,65735.3765
-2.017,10,65790.207103
-2.00795,7,65828.627357
-2.0529,19,65929.917744
-2.0219,7,65968.055584
-2.0085,7,66006.170066
-2.00385,2,66018.765941
-2.0467,11,66078.550974
-2.08455,23,66199.271995
-2.0045,3,66217.022762
-2.01715,8,66260.806379
-2.0196,12,66344.194115
-2.02025,9,66395.441324
-2.01825,16,66482.906107
-2.02125,8,66526.265599
-2.01485,10,66579.556112
-2.01125,6,66613.22998
-2.0183,9,66662.13255
-2.00405,2,66674.561484
-2.00915,10,66729.589797
-2.0154,5,66763.09998
-2.0057,9,66811.831846
-2.0165,11,66870.440161
-2.09265,18,66966.311166
-2.0244,11,67025.12475
-2.00425,2,67037.633125
-2.01125,10,67091.928266
-2.02485,13,67162.094136
-2.0118,5,67189.919058
-2.03285,10,67243.400723
-2.0101,10,67297.416906
-2.04485,16,67382.529596
-2.0191,15,67462.236439
-2.02275,11,67520.799761
-2.01725,6,67553.943566
-2.03305,14,67628.783549
-2.01095,4,67651.88516
-2.0285,11,67711.616715
-2.0085,3,67729.072261
-2.01035,7,67767.517928
-2.02,16,67851.80591
-2.0101,3,67869.495007
-2.0113,3,67886.732336
-2.0073,4,67909.28177
-2.0202,6,67942.116098
-2.02695,8,67986.662736
-2.0219,13,68056.272721
-2.0162,5,68084.525404
-2.0291,12,68148.358582
-2.0847,16,68232.742842
-2.05615,12,68297.342472
-2.02825,6,68330.795578
-2.08935,21,68442.294263
-2.04275,18,68538.086257
-2.04545,10,68592.278102
-2.0276,9,68642.845695
-2.07325,26,68781.888706
-2.0041,3,68800.001707
-2.0274,12,68863.337786
-2.06525,10,68916.741175
-2.00325,4,68939.746607
-2.0085,7,68977.968847
-2.0234,5,69005.560134
-2.0178,10,69059.312779
-2.0418,14,69133.895881
-2.0101,10,69188.509646
-2.0303,7,69227.42342
-2.02525,18,69323.069689
-2.02835,8,69367.636875
-2.00245,2,69380.011075
-2.00265,2,69392.788441
-2.03255,11,69451.591479
-2.03655,22,69573.4763
-2.00565,6,69606.505847
-2.10625,18,69704.727243
-2.0065,4,69727.303765
-2.00385,2,69739.719169
-2.01925,6,69772.986989
-2.0265,13,69842.3179
-2.0384,16,69928.295668
-2.0178,6,69962.126126
-1.9772,17,70052.502754
-2.01725,6,70086.116774
-2.0021,6,70119.762404
-2.0159,9,70168.198085
-2.0195,11,70227.361119
-2.0594,21,70338.540839
-2.0507,16,70439.593744
-2.00405,3,70457.405168
-2.03675,9,70515.184289
-2.0419,27,70678.730838
-2.0924,25,70832.526537
-2.01095,12,70907.634739
-2.00225,3,70929.333242
-2.0045,8,70977.845849
-2.0061,7,71016.417936
-2.00495,5,71046.801352
-2.0385,12,71123.588791
-2.03465,16,71215.674688
-2.013,13,71287.376144
-2.0231,7,71326.59625
-2.01925,8,71370.780946
-2.0053,5,71401.090876
-2.0061,3,71418.594638
-2.0178,9,71467.664405
-2.0049,4,71490.279227
-2.0077,7,71528.923906
-2.0037,4,71551.947095
-2.0082,5,71579.966187
-2.0098,5,71608.669416
-2.01925,9,71657.114471
-2.00915,4,71680.210443
-2.0194,5,71708.671123
-2.0098,6,71741.582241
-2.0362,16,71826.353242
-2.00285,2,71838.873313
-2.0376,18,71934.517663
-2.0049,4,71957.391784
-2.0077,3,71975.645392
-2.0202,6,72009.230691
-2.01215,10,72063.56745
-2.0906,31,72227.45891
-2.0372,9,72276.844045
-2.00245,2,72292.366392
-2.009,5,72320.740985
-2.00925,6,72354.122472
-2.03395,9,72402.848589
-2.0856,24,72535.829278
-2.00265,3,72553.603791
-2.01455,10,72607.657023
-2.1053,19,72708.499778
-2.0804,27,72850.092675
-2.0098,10,72904.925558
-2.03255,9,72953.365927
-2.05265,14,73028.478507
-2.04395,14,73103.921471
-2.07235,21,73216.667255
-2.0057,4,73239.329016
-2.00285,8,73282.85346
-2.0741,30,73440.777703
-2.0452,9,73490.066029
-2.07225,21,73602.038983
-2.00265,3,73620.126091
-2.0266,14,73696.405221
-2.0191,7,73734.530667
-2.05105,14,73810.191662
-2.0785,14,73885.125472
-2.0063,5,73913.074596
-2.19575,29,74071.123207
-1.95555,13,74140.86698
-2.00945,4,74163.630046
-1.9855,5,74191.961529
-2.0712,17,74282.209856
-2.0057,10,74336.21215
-2.00145,3,74354.184268
-2.1741,28,74501.481417
-2.00465,2,74514.389109
-2.03225,10,74568.301366
-2.0218,7,74607.406884
-2.01815,4,74629.936289
-2.00285,4,74652.766202
-2.12955,34,74833.25523
-1.99805,13,74904.0164
-2.01245,17,74994.839381
-2.0726,14,75069.927511
-2.08605,17,75160.059214
-2.00525,9,75208.205281
-2.0041,4,75231.242188
-2.0057,4,75254.207143
-2.09475,23,75376.704119
-2.0268,10,75430.805948
-2.1133,27,75572.505255
-2.00565,6,75605.693141
-2.0512,36,75794.171872
-2.08925,22,75911.161031
-2.0085,5,75939.411168
-2.0294,14,76013.256991
-2.01215,10,76067.121541
-2.05175,16,76152.263855
-2.03365,16,76237.276435
-2.0678,13,76306.747305
-2.0053,6,76340.141644
-2.0154,10,76393.899603
-2.02635,13,76463.72324
-2.0078,5,76491.945005
-2.00675,13,76561.059683
-2.0057,3,76578.464989
-1.9948,5,76607.043651
-2.0129,8,76651.548181
-2.05335,13,76720.99253
-2.051,17,76810.790114
-2.00305,2,76823.265476
-2.0798,32,76992.567952
-2.01425,6,77025.602236
-2.00555,4,77048.745196
-2.00915,4,77071.398879
-2.0159,9,77120.233913
-2.0104,6,77158.812286
-2.0183,14,77237.875481
-2.00795,4,77260.957211
-2.015,14,77336.225122
-2.0349,14,77410.946249
-2.0221,11,77470.866157
-2.00065,5,77499.109958
-2.04315,31,77662.83657
-2.05775,21,77774.98676
-2.01325,7,77813.925722
-2.00425,7,77852.626012
-2.0069,7,77891.023569
-2.0245,12,77961.015702
-2.00105,7,77999.229681
-2.03015,9,78048.254361
-2.00555,7,78086.536773
-2.0595,15,78166.964341
-2.00915,8,78211.356466
-2.11635,32,78378.21599
-2.055,17,78468.251802
-2.00245,6,78501.496007
-2.0093,3,78519.18739
-2.0089,3,78538.283743
-2.01275,7,78576.934825
-2.00735,5,78604.864066
-2.05825,22,78722.520545
-2.0178,5,78750.809155
-2.0085,3,78768.071173
-2.02445,13,78837.720987
-2.0288,11,78897.325283
-2.00345,2,78909.819329
-2.01455,4,78932.955277
-2.00705,4,78956.555465
-2.00855,4,78979.276114
-2.00285,3,78997.238617
-2.01155,4,79020.1476
-2.21865,58,79324.307882
-2.0654,22,79449.807292
-2.02275,9,79500.526025
-2.02415,9,79549.733978
-2.0225,14,79628.42623
-2.0385,13,79703.582152
-2.04895,13,79782.036865
-2.0382,14,79860.477961
-2.02,13,79934.536255
-2.02565,11,79993.767445
-2.02085,6,80035.141874
-2.1205,76,80478.417867
-2.0085,10,80539.868059
-2.00325,2,80552.556181
-2.05995,27,80705.306254
-2.00305,6,80741.153167
-2.00375,7,80781.441666
-2.0276,10,80835.316035
-2.0528,23,80971.306433
-2.0123,7,81013.99292
-2.01035,10,81072.871367
-2.03795,22,81191.393341
-2.00345,10,81245.324629
-2.0765,44,81474.127732
-2.0085,11,81533.847452
-2.00365,2,81546.482571
-2.03965,10,81600.698776
-2.00505,2,81613.534297
-1.9865,11,81672.66327
-1.995,13,81748.886127
-2.00285,2,81760.356837
-2.00855,4,81785.293345
-2.0536,17,81881.981153
-2.00855,5,81910.130578
-2.011,6,81945.455476
-2.0286,14,82020.304758
-2.02235,10,82074.840567
-2.0257,11,82141.160656
-2.0696,27,82316.825402
-2.00735,4,82344.170529
-2.03285,12,82418.71388
-2.03255,9,82480.9139
-2.0138,5,82522.958178
-2.0057,5,82555.092011
-2.03395,11,82620.142058
-2.08655,25,82782.585935
-2.00445,2,82799.280955
-2.02125,6,82836.944759
-2.02325,8,82886.932882
-2.05525,21,83016.824023
-2.06275,25,83155.508785
-2.052,18,83262.371948
-2.0657,19,83375.549469
-2.03395,13,83450.602841
-2.00125,4,83475.69628
-2.0366,20,83586.628762
-2.0045,5,83614.742977
-2.04375,24,83741.4962
-2.0159,8,83785.182689
-2.0901,35,83975.488285
-2.1568,41,84193.852549
-2.1537,64,84531.345286
-2.00245,2,84546.88186
-2.00205,2,84559.803003
-2.0947,31,84724.396612
-2.06975,32,84893.792679
-2.0029,3,84911.254928
-2.0057,5,84939.10191
-2.0116,10,84993.973067
-2.0603,23,85114.995676
-2.03335,27,85259.940817
-2.13975,44,85496.540155
-2.0037,6,85530.446329
-2.0033,15,85610.434601
-2.0378,34,85793.538108
-2.02175,15,85874.961765
-2.1395,63,86201.693708
-2.06175,20,86309.941901
-2.009,8,86352.556983
-2.0222,13,86421.500603
-2.013,5,86449.120038
-2.03445,23,86569.980124
-2.0321,19,86672.552625
-2.03675,19,86773.143663
-2.00245,5,86801.384053
-2.02635,23,86923.383424
-2.05265,15,87002.781125
-2.04725,23,87123.724827
-2.005,8,87167.498338
-2.02605,11,87227.351605
-2.077,21,87339.136774
-2.0114,6,87372.300733
-2.02205,10,87427.169037
-2.04275,16,87513.122659
-2.05365,32,87681.851669
-2.03485,21,87793.431553
-2.03135,41,88016.791512
-2.04165,20,88127.597973
-2.009,8,88171.302718
-2.03885,40,88398.665078
-2.055,19,88501.623799
-2.1878,78,88916.683582
-2.02135,10,88974.04068
-2.00405,14,89049.639291
-1.99775,4,89072.226973
-2.0276,9,89126.493749
-2.00345,5,89154.706885
-2.0877,24,89288.546677
-2.0483,16,89378.652473
-2.0267,9,89428.211187
-2.00445,2,89440.652561
-2.1245,63,89768.607686
-1.9966,9,89820.796889
-2.0218,7,89859.143343
-2.29945,54,90144.584709
-2.00095,2,90160.189471
-2.0129,22,90280.406734
-2.02415,9,90329.741832
-2.01825,10,90383.545558
-2.00285,2,90395.964365
-2.0111,7,90435.09581
-2.15435,43,90660.629211
-1.99315,8,90703.898901
-2.00585,3,90721.104247
-1.97605,8,90764.593953
-2.03575,14,90838.698762
-2.0406,23,90958.802361
-2.0774,30,91116.997315
-1.967,21,91227.431037
-2.1955,52,91499.473261
-2.0438,16,91586.696306
-2.07695,34,91764.716141
-2.06925,39,91967.768152
-2.00795,12,92031.982636
-2.0966,30,92188.572636
-2.0148,9,92237.248858
-2.20445,69,92607.515069
-2.00735,4,92635.718213
-2.00265,2,92648.468165
-2.00205,3,92666.10251
-2.00205,3,92684.100067
-2.0065,6,92716.997436
-1.99915,3,92734.49279
-2.0033,3,92752.342286
-2.01265,13,92821.69194
-2.0535,31,92983.67653
-2.00345,3,93001.159723
-2.00165,2,93013.789562
-2.10545,38,93213.082876
-2.0676,29,93365.60873
-2.1713,87,93814.998361
-2.0198,15,93899.142445
-2.04465,22,94013.747512
-2.0053,3,94031.012072
-2.00795,5,94058.712777
-2.0328,17,94148.998203
-2.01025,18,94243.664336
-2.0033,3,94261.201482
-2.0037,4,94284.108052
-2.02035,13,94352.886893
-2.02695,12,94417.028308
-2.01625,6,94451.133792
-2.06255,24,94577.0314
-2.07585,50,94841.0579
-2.00735,4,94867.372154
-2.00305,2,94879.896368
-2.06135,24,95031.499989
-2.05945,30,95209.905462
-2.02365,15,95294.553196
-2.06675,78,95731.856086
-2.00765,10,95792.628182
-2.03975,17,95887.987286
-2.00615,6,95922.750905
-2.2277,68,96296.801987
-2.05835,20,96410.134588
-2.0228,12,96477.971365
-2.0132,11,96541.193514
-2.0159,11,96602.344868
-1.99945,5,96632.095315
-2.00735,10,96689.837039
-2.00725,9,96740.895416
-2.02205,10,96798.017148
-2.03985,30,96963.03616
-1.9995,7,97003.045905
-2.0366,15,97086.757165
-2.0164,11,97149.4098
-2.14245,41,97377.139548
-2.0045,3,97395.308979
-2.04905,30,97560.709318
-2.0147,7,97601.070145
-2.00495,5,97630.269398
-2.07955,44,97877.258398
-2.00535,4,97904.225469
-2.00915,8,97949.760431
-2.0225,11,98011.880347
-2.09705,45,98268.712004
-2.0271,19,98377.289
-2.0057,4,98400.988467
-2.02915,12,98468.115559
-2.0794,41,98693.982292
-2.00735,5,98723.275877
-2.1037,35,98914.775299
-2.13855,52,99196.321862
-2.00735,5,99228.596771
-2.00555,4,99252.693247
-2.0053,5,99281.948848
-2.0087,8,99327.178837
-2.08915,31,99496.774859
-2.086,33,99677.247234
-2.009,5,99706.865981
-2.0505,35,99899.607376
-2.07105,31,100071.521413
-2.08215,33,100253.835086
-2.03865,22,100376.245274
-2.0929,39,100595.216419
-2.0897,28,100749.566878
-2.0533,29,100909.74631
-2.1772,43,101145.406189
-1.4903,93,101651.558059
-2.10225,30,101821.622954
-2.02035,8,101867.330774
-2.077,21,101983.629867
-2.09255,32,102160.23089
-2.0111,9,102211.406892
-2.04505,21,102327.274258
-2.09205,46,102578.93103
-2.0026,11,102645.097465
-2.0106,7,102685.819402
-2.0185,12,102753.714281
-2.05505,37,102957.529823
-2.03375,18,103057.160554
-2.0244,33,103239.112076
-2.0197,13,103312.559623
-2.045,25,103451.087372
-2.0327,15,103534.651613
-2.03885,22,103656.505247
-2.063,29,103816.144642
-2.0171,17,103911.767617
-2.0074,5,103941.634427
-2.00315,6,103977.138136
-2.1992,94,104492.473004
-2.04095,21,104612.811554
-2.00495,5,104642.153589
-2.072,33,104823.322754
-2.00145,3,104841.933658
-2.0897,32,105019.063885
-2.018,9,105071.254833
-2.06525,30,105238.717038
-2.00795,4,105264.068088
-2.03465,23,105392.12494
-2.02695,13,105465.282566
-2.02765,15,105549.007085
-2.06825,23,105677.536285
-2.01775,8,105732.050349
-2.13925,67,106113.939618
-2.0264,20,106234.586699
-2.0185,11,106306.043629
-2.0474,23,106437.170264
-2.0774,62,106792.165786
-2.00285,2,106808.221207
-2.1347,59,107150.353013
-2.0333,21,107271.616526
-2.0066,5,107301.389915
-2.03895,23,107433.72068
-2.0203,17,107529.106618
-2.12715,44,107775.921906
-2.05565,23,107913.611955
-2.03045,31,108089.534047
-2.1868,74,108508.321113
-2.03045,30,108684.950564
-2.07545,46,108954.141402
-2.03865,27,109107.593241
-2.02385,10,109168.661167
-2.00375,5,109200.13207
-2.009,5,109229.466455
-2.01225,8,109278.991007
-2.0554,63,109639.502388
-2.0107,11,109706.325516
-2.0637,28,109866.562848
-2.0574,31,110040.82655
-2.0395,19,110152.59716
-2.01275,14,110235.476341
-2.01715,8,110285.578232
-2.0502,39,110511.894266
-2.06835,44,110765.096467
-2.1096,46,111029.877828
-2.0053,7,111076.299692
-2.0107,9,111131.791395
-2.02745,20,111245.568454
-2.01625,15,111338.745022
-2.05825,26,111503.815794
-2.09235,32,111688.805098
-2.33825,98,112270.137799
-2.0244,10,112332.295498
-2.0424,17,112431.577454
-2.00245,2,112446.925547
-2.14045,54,112760.881549
-2.0065,4,112788.081185
-2.09675,45,113044.120413
-2.1082,68,113444.180075
-2.01125,7,113487.678771
-2.0488,18,113593.984738
-2.0768,50,113887.135534
-2.0371,16,113986.370474
-2.00185,2,113999.700085
-2.0231,17,114095.960915
-2.0051,8,114146.249346
-2.0145,12,114221.970078
-2.0825,54,114533.697822
-2.015,15,114634.550271
-2.1306,66,115029.235704
-2.0075,7,115078.929814
-2.0228,10,115135.168348
-2.01725,6,115171.98841
-2.00205,3,115190.132748
-2.0627,39,115415.414494
-2.0577,35,115619.237832
-2.072,33,115809.226886
-2.00375,5,115838.56861
-2.18065,78,116287.561822
-2.07425,34,116482.072255
-2.0545,28,116637.744683
-2.00825,7,116680.896186
-2.01845,17,116781.683925
-2.0041,3,116800.113686
-2.0513,19,116918.512939
-2.3217,165,117936.83604
-2.0246,14,118030.833637
-2.0045,4,118062.776964
-2.1327,63,118447.717051
-2.00735,8,118502.499431
-2.00315,4,118526.462515
-2.0699,55,118864.986273
-2.01,16,118961.697254
-2.03545,14,119049.32864
-2.04165,20,119168.251314
-2.0132,9,119222.00615
-2.0055,7,119264.394287
-2.0066,6,119304.086246
-2.06125,26,119467.376977
-2.06535,41,119714.014351
-2.12275,111,120377.39891
-2.0823,43,120627.016269
-2.2107,97,121209.834821
-2.00125,2,121226.250024
-2.09145,63,121590.540264
-2.49145,138,122405.813393
-2.03625,28,122575.646334
-2.24525,94,123118.964452
-2.08835,34,123323.156796
-2.00245,2,123336.723253
-2.07265,30,123506.974456
-2.1774,104,124121.258538
-2.02475,12,124201.346709
-2.0145,11,124267.499017
-2.057,46,124535.409655
-2.00205,2,124551.868265
-2.05625,22,124679.791912
-2.0342,13,124761.593852
-2.027,13,124837.608965
-2.04055,24,124970.08914
-2.1863,55,125302.177011
-2.03975,16,125400.247176
-2.11685,44,125664.668598
-2.0392,17,125768.480638
-2.01845,12,125845.012234
-2.048,33,126048.840991
-2.04125,35,126247.082483
-3.1075,286,127938.413335
-2.07015,25,128084.271375
-2.027,13,128155.416402
-2.0145,12,128222.579148
-2.1885,59,128541.590196
-2.0025,3,128562.52624
-2.01595,14,128636.963216
-2.2383,63,128983.652907
-2.37765,94,129512.533389
-2.0047,3,129532.861466
-2.017,9,129588.995728
-2.15865,46,129850.328086
-2.01425,10,129913.447201
-2.28415,61,130247.419941
-2.0883,35,130452.414251
-2.02835,12,130521.191966
-2.0366,14,130599.306361
-2.0089,5,130629.037149
-2.04545,11,130693.408916
-2.0135,7,130737.533144
-2.03955,9,130788.689133
-2.2354,43,131015.815012
-2.06975,18,131110.290143
-2.0049,7,131148.453432
-2.02205,11,131212.454968
-2.1241,35,131394.676893
-2.16405,58,131694.144119
-2.00325,2,131710.036554
-2.061,25,131846.568302
-2.0406,25,131983.798537
-1.99935,11,132047.663026
-2.0154,8,132091.11278
-2.0114,5,132119.036574
-2.05485,19,132221.013088
-2.3631,91,132712.782468
-2.04795,24,132845.794333
-2.0307,16,132931.338773
-2.0552,18,133034.020014
-2.03965,14,133107.386251
-2.00285,2,133119.909621
-2.0574,29,133281.186657
-2.00485,3,133298.772398
-2.1767,40,133523.004954
-2.0105,4,133551.499916
-2.12325,30,133711.873466
-2.09345,23,133831.890436
-2.1545,51,134118.802404
-2.0129,3,134139.484912
-2.1701,49,134403.434982
-2.07275,29,134567.587755
-2.0183,7,134605.159388
-2.0383,24,134740.97547
-2.02275,8,134793.463607
-2.05175,24,134928.570881
-2.00495,6,134961.623629
-2.0364,17,135051.091982
-2.04325,24,135180.736277
-2.1002,41,135410.932484
-2.01325,7,135454.707893
-2.0244,9,135502.784266
-2.072,30,135669.247615
-2.04575,16,135765.362192
-2.0588,25,135908.0597
-2.07155,28,136063.44782
-2.3182,98,136600.205377
-2.0471,28,136757.897698
-2.11685,42,136986.471621
-2.03705,14,137062.005704
-2.00225,3,137081.644029
-2.16245,71,137465.133675
-2.54385,151,138260.493304
-2.5667,162,139123.050644
-2.05865,18,139222.473958
-2.0369,23,139349.540064
-2.0312,13,139419.196194
-2.00735,5,139449.28373
-2.06455,32,139628.099883
-2.1995,71,140002.143208
-2.1592,50,140274.257551
-2.30805,122,140934.591804
-2.10025,39,141149.262217
-2.0245,11,141214.029557
-2.01155,8,141257.360087
-2.263,77,141682.373765
-2.1647,55,141982.950836
-2.3038,201,143058.216544
-2.03825,18,143165.022908
-2.27895,86,143636.607636
-2.30265,58,143955.356464
-2.1134,29,144122.946529
-2.0364,27,144274.141596
-2.17325,47,144535.879867
-2.07935,24,144680.169944
-2.00185,2,144692.849211
-2.0111,8,144739.570588
-2.4676,145,145538.070603
-2.01125,13,145615.690205
-2.02385,10,145674.530108
-2.13325,42,145905.7552
-2.0145,12,145976.677191
-2.0138,13,146054.767473
-2.303,104,146639.427256
-2.07625,26,146781.690222
-2.1235,42,147012.804788
-2.03795,13,147083.378515
-2.0132,9,147134.39591
-2.2887,143,147905.706846
-2.0285,11,147968.577842
-2.1286,61,148294.175406
-2.13505,75,148698.772566
-2.24505,86,149155.382617
-2.22405,47,149403.680501
-2.2696,97,149942.097189
-2.03185,14,150020.430431
-2.1061,29,150173.400686
-2.2484,73,150562.275637
-2.3065,88,151038.780359
-2.2268,57,151346.948881
-2.02925,14,151425.026627
-2.29085,106,151995.162683
-2.1364,69,152361.381842
-2.00855,5,152392.407336
-2.38015,117,153016.003337
-2.0359,15,153099.997008
-2.19075,68,153456.972054
-2.0739,23,153580.526235
-2.19825,67,153932.147037
-2.19475,97,154448.654646
-2.1973,63,154786.16262
-2.32295,80,155206.588832
-2.58405,178,156168.213726
-2.27845,66,156522.749026
-2.12125,51,156792.682866
-2.0624,18,156891.657567
-2.27645,98,157417.394489
-2.221,69,157793.402309
-2.0264,10,157850.135743
-2.45585,108,158436.684164
-2.80455,184,159419.474072
-2.02915,12,159489.97293
-2.0228,10,159544.157429
-2.1094,43,159774.946334
-2.64365,134,160487.534723
-2.0195,8,160537.534052
-2.27975,76,160943.69963
-2.0056,5,160980.782377
-2.0588,25,161116.613529
-2.21805,50,161377.180939
-3.7088,317,163059.340879
-2.32025,106,163629.981513
-2.02695,10,163687.018546
-2.24935,104,164239.775229
-2.1707,63,164579.459045
-2.43595,116,165187.472337
-2.0648,19,165291.372403
-3.3338,353,167192.994568
-2.12045,34,167376.30199
-2.29645,122,168035.328226
-2.20715,88,168506.674932
-2.2797,119,169137.348746
-2.0123,9,169189.800388
-2.3314,89,169665.274114
-2.1035,48,169927.487719
-2.23995,70,170302.210435
-2.06935,20,170412.494301
-2.1692,49,170670.726132
-2.23655,88,171139.27977
-2.1458,37,171344.495704
-2.25525,89,171819.955633
-2.0065,3,171841.251298
-2.5623,254,173191.922239
-2.0765,22,173312.110834
-3.11285,264,174700.720078
-2.1387,39,174907.886377
-2.02395,17,175003.956556
-2.5842,154,175818.197989
-2.16095,61,176139.767854
-2.0405,11,176209.741761
-2.5749,135,176919.224091
-2.2691,91,177401.869904
-2.64945,126,178069.778676
-3.3006,349,179879.964467
-3.14285,198,180921.05121
-2.6072,177,181872.185295
-2.21465,234,183162.183551
-2.6569,240,184467.26211
-2.1296,34,184657.693298
-2.12985,59,184979.041884
-2.96615,240,186293.289613
-2.3742,93,186791.214065
-2.1586,55,187091.148661
-2.02215,8,187138.695396
-2.74905,215,188276.861877
-2.05265,16,188366.74351
-4.09065,338,190173.97222
-3.45395,256,191580.803009
-2.57535,203,192663.609622
-3.73755,428,194961.770435
-1.8257,293,196553.648401
-3.86975,436,198873.8032
-2.0934,25,199012.541687
-3.6357,404,201094.037459
3.35055,1928,211057.671886
3.51685,1626,219491.889476
-2.363,61,219812.990803
-2.178,42,220035.35428
-4.75675,1100,226148.194727
