#{"t_start": 1769913444.6590168, "env_id": "None"}
r,l,t
-2.00125,2,97.324867
-2.0135,7,148.824869
-2.0037,5,186.109731
-2.00145,2,200.71158
-2.01295,8,262.424829
-2.00205,2,279.940113
-2.0066,5,317.867505
-2.0041,3,338.840349
-2.00475,8,401.257966
-2.0037,3,425.727518
-2.0099,7,481.440204
-2.0041,3,501.636314
-2.00285,2,514.162279
-2.00125,3,539.712899
-2.005,6,582.678409
-2.01425,6,624.350863
-2.00785,6,669.403164
-2.00675,4,696.714598
-2.00145,2,713.321982
-2.00315,4,746.787528
-2.00435,4,778.50401
-2.00125,3,802.69225
-2.0098,6,849.362642
-2.00085,3,869.346243
-2.0029,3,893.139667
-2.0057,6,939.131612
-2.0041,5,973.662975
-2.00285,4,1007.3833
-2.00375,4,1034.920163
-2.00205,3,1054.911401
-2.00185,2,1070.063284
-2.0033,3,1096.236707
-2.0183,12,1177.829423
-2.00165,2,1194.880326
-2.005,5,1236.108249
-2.0087,7,1281.115441
-2.0059,7,1327.61232
-2.00245,3,1347.798646
-2.0041,3,1367.685961
-2.0049,3,1393.487415
-2.00225,2,1408.09389
-2.00165,3,1430.357582
-2.00435,4,1461.787883
-2.0025,3,1483.520814
-2.00615,4,1517.374389
-2.00205,4,1547.085589
-2.00315,4,1578.848425
-2.00735,7,1626.542504
-2.00325,2,1643.699746
-2.00285,3,1667.557776
-2.00185,2,1686.255527
-2.00245,2,1700.837428
-2.00185,2,1717.382289
-2.0037,3,1739.494534
-2.0045,4,1769.200222
-2.0066,5,1801.655416
-2.0034,5,1840.556045
-2.0049,3,1860.32143
-2.00245,2,1877.192831
-2.01575,8,1931.06955
-2.00555,5,1967.480979
-2.0041,3,1998.024207
-2.0066,5,2036.598802
-2.0045,3,2060.694049
-2.00495,4,2092.23312
-2.00625,7,2143.577703
-2.00195,4,2170.676619
-2.00085,2,2187.856485
-2.00185,2,2200.368795
-2.0205,11,2281.847342
-2.0066,5,2320.762519
-2.00185,2,2334.144752
-2.00245,2,2348.444997
-2.0042,5,2391.024859
-2.00145,3,2411.019873
-2.00205,2,2428.213118
-2.00085,3,2450.192531
-2.00195,5,2492.208643
-2.0049,3,2516.363189
-2.00165,2,2533.190877
-2.0045,4,2562.913909
-2.0025,3,2583.057462
-2.00375,5,2624.313834
-2.00185,3,2648.344141
-2.00225,3,2675.821845
-2.00165,2,2692.880242
-2.00085,2,2709.824248
-2.0066,5,2746.791956
-2.00515,8,2810.238204
-2.0037,3,2834.66624
-2.01995,8,2894.175054
-2.00735,4,2919.37981
-2.00185,2,2934.462246
-2.00145,2,2947.137789
-2.0074,5,2983.896328
-2.00165,2,3003.060292
-2.00125,2,3019.883842
-2.0037,3,3039.800931
-2.02915,12,3128.268813
-2.0042,5,3169.039412
-2.00245,2,3189.918261
-2.01575,8,3244.811305
-2.00875,8,3308.058958
-2.00085,2,3322.501968
-2.00145,2,3337.291284
-2.0042,5,3376.32182
-2.00125,2,3393.110851
-2.00205,2,3409.809048
-2.00285,2,3424.516594
-2.00675,6,3468.481122
-2.00145,3,3494.615594
-2.0071,7,3546.380907
-2.00165,2,3561.158876
-2.00125,2,3582.824796
-2.00085,2,3595.779149
-2.0029,3,3621.927653
-2.00065,2,3639.187268
-2.0098,5,3678.324219
-2.0125,11,3758.579386
-2.00205,2,3773.478388
-2.00205,2,3790.484342
-2.00145,2,3805.35854
-2.00165,2,3822.102189
-2.00125,2,3836.234349
-2.0021,3,3866.653678
-2.00185,2,3883.349005
-2.0074,5,3921.240819
-2.0326,13,4018.171678
-2.00285,2,4037.072536
-2.0049,3,4061.429638
-2.0159,7,4113.296623
-2.00205,2,4131.818853
-2.00105,2,4147.10145
-2.00675,5,4181.663187
-2.0058,5,4214.388012
-2.00735,8,4277.719836
-2.0025,4,4311.197549
-2.00145,2,4323.644632
-2.0025,3,4352.327929
-2.00925,7,4406.264251
-2.0041,3,4428.355703
-2.00085,2,4444.845988
-2.00085,2,4457.376764
-2.00145,2,4476.155121
-2.009,5,4508.479192
-2.01595,12,4599.075843
-2.00555,4,4630.381502
-2.00165,2,4644.982723
-2.0287,15,4756.261978
-2.0037,3,4782.50956
-2.0021,3,4804.706974
-2.0033,4,4838.430446
-2.00435,4,4871.067403
-2.0042,6,4916.701312
-2.00125,2,4931.58418
-2.0075,7,4983.302141
-2.00225,2,5000.604889
-2.0045,4,5029.841927
-2.016,13,5127.081653
-2.0189,19,5258.988807
-2.0021,3,5278.799372
-2.0021,3,5302.537151
-2.02025,11,5381.54467
-2.009,5,5414.009754
-2.00935,12,5498.198399
-2.00125,3,5520.625528
-2.00205,2,5537.094908
-2.00735,8,5593.991733
-2.00245,2,5610.962013
-2.00145,2,5627.926648
-2.00165,2,5646.902776
-2.00315,4,5674.926908
-2.00825,6,5725.143597
-2.01095,4,5755.048714
-2.0138,5,5795.937851
-2.0074,5,5834.561271
-2.0025,3,5854.842486
-2.00615,4,5886.560326
-2.018,9,5957.093987
-2.00105,2,5972.058127
-2.00435,4,5999.717259
-2.00825,6,6045.344556
-2.00185,4,6077.127012
-2.0021,3,6099.456258
-2.0135,7,6153.316838
-2.0058,5,6187.722122
-2.0123,8,6246.17413
-2.00555,5,6285.774698
-2.00145,2,6302.63599
-2.0148,9,6365.077487
-2.01845,10,6429.505946
-2.0037,3,6447.747949
-2.0098,5,6485.021237
-2.013,9,6549.454798
-2.0222,13,6631.965286
-2.0065,13,6730.568774
-2.00315,6,6776.505522
-2.01125,6,6820.042197
-2.0034,5,6857.005229
-2.0058,5,6887.504486
-2.00435,5,6927.701475
-2.0033,3,6949.743333
-2.0053,3,6972.242944
-2.00165,3,6998.495552
-2.04585,22,7156.772905
-2.0246,17,7286.161924
-2.00145,2,7298.860672
-2.00495,4,7332.634205
-2.01815,12,7406.640052
-2.00925,6,7450.663903
-2.01175,13,7541.811821
-2.00245,3,7561.561699
-2.00085,3,7581.29971
-2.0033,3,7610.23381
-2.00555,4,7633.472281
-2.0029,5,7667.491606
-2.00825,7,7726.185324
-2.03135,21,7891.520197
-2.0033,3,7914.274035
-2.0625,51,8277.311096
-2.04625,27,8482.118532
-2.0286,21,8636.623673
-2.0017,3,8661.23026
-2.005,5,8694.560651
-2.0058,6,8740.25626
-2.00375,4,8766.285285
-2.00165,2,8783.935396
-2.00245,2,8801.160533
-2.0074,5,8836.580538
-2.00085,2,8851.93201
-2.00105,2,8869.391651
-2.00225,4,8897.442063
-2.0033,4,8925.187387
-2.01275,9,8992.862986
-2.0045,4,9019.547512
-2.0041,3,9039.987479
-2.00265,3,9062.464098
-2.02295,12,9149.648064
-2.00245,2,9166.814177
-2.00675,4,9199.276824
-2.00165,4,9233.967079
-2.00085,2,9247.12095
-2.02665,14,9347.16454
-2.0087,8,9405.799737
-2.00735,4,9440.304494
-2.00105,2,9453.366236
-2.00145,3,9478.336891
-2.00105,2,9495.996666
-2.00145,2,9515.584452
-2.01025,6,9558.993191
-2.00105,2,9573.920478
-2.00495,8,9632.721627
-2.0037,3,9655.098051
-2.01845,10,9730.881631
-2.0049,3,9753.910055
-2.00525,6,9795.238652
-2.00345,3,9820.799962
-2.0021,3,9845.294236
-2.0135,10,9914.517406
-2.03135,12,10005.902153
-2.00975,4,10036.121691
-2.0488,17,10159.99916
-2.01305,11,10234.638441
-2.00205,2,10253.74431
-2.00675,4,10279.526337
-2.0123,7,10325.934859
-2.0147,7,10374.343917
-2.00625,6,10422.747035
-2.0053,5,10462.457764
-2.00615,4,10492.443147
-2.0058,7,10545.280106
-2.0045,3,10570.104647
-2.00625,6,10617.202518
-2.0025,3,10635.208681
-2.00725,7,10687.583523
-2.01005,6,10728.314206
-2.00165,2,10741.582496
-2.0127,7,10788.022349
-2.00205,3,10819.905566
-2.0041,3,10840.952344
-2.0025,3,10868.932362
-2.007,5,10912.543948
-2.00145,3,10939.349967
-2.0029,4,10968.148681
-2.00495,4,11000.073105
-2.01575,8,11059.387156
-2.00615,4,11091.861706
-2.0126,14,11190.275695
-2.03115,12,11278.454202
-2.00325,2,11295.40203
-2.0025,6,11339.227872
-2.01225,8,11401.445434
-2.00165,3,11425.882858
-2.00185,2,11445.82248
-2.00925,8,11500.667831
-2.00265,2,11518.089155
-2.0066,5,11558.472105
-2.0082,5,11594.747294
-2.00375,5,11632.788511
-2.00165,2,11650.23035
-2.0063,8,11706.11471
-2.00825,6,11747.365834
-2.027,13,11839.614421
-2.00125,2,11857.108427
-2.0066,5,11892.144986
-2.00555,5,11931.756357
-2.00205,2,11946.659665
-2.00925,6,11994.683455
-2.0033,3,12014.960558
-2.008,9,12083.293846
-2.0123,7,12133.253137
-2.00225,3,12159.981803
-2.0205,11,12229.181774
-2.0114,6,12278.339548
-2.0037,4,12308.512641
-2.01575,9,12364.679969
-2.00165,2,12386.4103
-2.0066,5,12424.142452
-2.00495,4,12453.82905
-2.00375,4,12484.030187
-2.0117,7,12543.532575
-2.0171,7,12589.955142
-2.00165,2,12609.283105
-2.02915,13,12701.421686
-2.0159,7,12749.462099
-2.0145,13,12844.575449
-2.0076,5,12886.852896
-2.00555,4,12918.75097
-2.00375,5,12952.067148
-2.00085,2,12971.455738
-2.00945,11,13047.931922
-2.0017,4,13080.462362
-2.00945,10,13156.378866
-2.0041,3,13183.598335
-2.02495,16,13303.965109
-2.0033,4,13338.078622
-2.0049,3,13364.502897
-2.0174,13,13464.553248
-2.00145,2,13479.544787
-2.00375,4,13509.856606
-2.0029,3,13534.661887
-2.0098,5,13572.105114
-2.0198,13,13667.233677
-2.0049,3,13690.202154
-2.01305,10,13765.773174
-2.00185,2,13780.905541
-2.01475,9,13852.805844
-2.03385,18,13970.439497
-2.01435,8,14029.517571
-2.0366,25,14197.712467
-2.00245,2,14212.780211
-2.00825,6,14258.241185
-2.00195,5,14300.283035
-2.0049,3,14322.444125
-2.01125,6,14365.325928
-2.00345,3,14389.620784
-2.00345,2,14405.053913
-2.0112,6,14446.070725
-2.0037,4,14476.362427
-2.0066,5,14505.093702
-2.00915,4,14537.468476
-2.0371,17,14661.259927
-2.0029,4,14687.297078
-2.00165,3,14712.935715
-2.00065,2,14728.162781
-2.00195,6,14772.780628
-2.00695,4,14800.924647
-2.00145,2,14820.007666
-2.00085,2,14837.314696
-2.0041,4,14869.341738
-2.0017,3,14893.954411
-2.00165,3,14916.620214
-2.00245,2,14936.262468
-2.0025,4,14964.603004
-2.00495,4,14999.311212
-2.0108,9,15061.966104
-2.0305,13,15154.883149
-2.01575,17,15274.709144
-2.00735,4,15309.180224
-2.0145,11,15398.117697
-2.00555,5,15436.960804
-2.01325,6,15485.163091
-2.0245,11,15557.698714
-2.104,54,15928.931899
-2.00725,6,15981.680303
-2.15095,48,16312.261826
-2.0657,19,16444.847782
-1.99625,4,16472.85066
-2.0208,11,16551.85094
-2.0183,7,16602.112612
-2.00165,3,16622.521544
-2.00965,12,16709.034141
-2.00615,7,16754.669585
-2.0037,3,16775.288652
-2.0098,5,16810.762546
-2.00265,2,16825.463599
-2.00165,3,16849.857417
-2.01095,8,16907.407871
-2.00255,5,16940.519844
-2.0053,4,16972.554609
-2.01625,6,17016.060878
-2.0041,3,17038.773736
-2.0049,3,17063.958521
-2.0049,3,17089.103321
-2.00125,2,17108.501098
-2.01855,8,17160.460145
-2.0087,7,17213.339411
-2.00875,8,17271.407865
-2.00615,4,17301.501981
-2.00185,4,17332.71776
-2.00145,2,17347.648434
-2.0075,8,17406.134334
-2.00225,2,17421.143678
-2.0225,11,17493.729362
-2.01125,7,17548.406438
-2.00315,4,17578.766266
-2.00205,3,17601.181953
-2.01085,6,17646.910292
-2.0045,3,17671.698849
-2.0037,3,17696.681518
-2.005,6,17740.263386
-2.00245,2,17757.449706
-2.0225,11,17829.452938
-2.01435,8,17892.484832
-2.01125,7,17938.605149
-2.00555,4,17966.269697
-2.0053,3,17990.896391
-2.0034,5,18022.656757
-2.03895,20,18171.698014
-2.00305,3,18200.522539
-2.0057,4,18237.09723
-2.0612,18,18372.620409
-2.00725,6,18411.460494
-2.0037,4,18443.186302
-2.00735,5,18478.964338
-2.00205,3,18499.503054
-2.00205,3,18522.30404
-2.0082,5,18562.048686
-2.0135,7,18612.969586
-2.00905,6,18653.864449
-2.0632,25,18828.81781
-2.0165,11,18910.525298
-2.0098,5,18946.077615
-2.01295,8,19004.434195
-2.00825,6,19048.963913
-2.0064,5,19084.446971
-2.0264,17,19199.076914
-2.00525,6,19240.688303
-2.0021,3,19265.57137
-2.063,30,19475.642483
-2.00265,2,19488.277938
-2.00625,6,19531.424775
-2.0058,5,19567.182378
-2.0058,5,19597.891897
-2.0058,5,19637.24843
-2.00205,4,19672.318196
-2.0041,4,19698.273781
-2.0066,5,19735.891665
-2.0098,7,19782.640477
-2.0037,3,19805.291617
-2.00245,3,19825.835318
-2.01125,6,19869.040215
-2.0296,18,19999.125507
-2.06,49,20351.359536
-2.00245,3,20375.616904
-2.00795,6,20421.86447
-2.00675,6,20462.981264
-2.0098,6,20504.037031
-2.00225,3,20530.807202
-2.01435,8,20588.669281
-2.02975,17,20714.960423
-2.00165,4,20744.946868
-2.00675,4,20770.507747
-2.00145,2,20783.60326
-2.00225,2,20796.573481
-2.00245,4,20828.22402
-2.0073,4,20856.139982
-2.0065,5,20894.531492
-2.00065,2,20911.632922
-2.02205,10,20981.346077
-2.0053,4,21016.091802
-2.00145,2,21033.276304
-2.00205,2,21049.376431
-2.00735,4,21078.021809
-2.02745,10,21148.0992
-2.0629,38,21419.178914
-2.0017,3,21444.678313
-2.01125,6,21489.439399
-2.0061,3,21511.816129
-2.00165,4,21544.343295
-2.00615,4,21574.553586
-2.0063,7,21632.505818
-2.0065,3,21657.811787
-2.0122,5,21694.581528
-2.00735,7,21752.579185
-2.00795,4,21793.954864
-2.0037,6,21838.541742
-2.00145,3,21861.150843
-2.0029,6,21903.988746
-2.00145,2,21916.73776
-2.00145,2,21932.558299
-2.01125,7,21984.54476
-2.0098,8,22040.906212
-2.00205,3,22064.045128
-2.0087,7,22114.509236
-2.00105,3,22139.455312
-2.00435,5,22172.647621
-2.0042,5,22205.802321
-2.0099,7,22254.258249
-2.00085,3,22276.860089
-2.00615,4,22310.996507
-2.00375,4,22339.297513
-2.02625,22,22498.627613
-2.00165,2,22513.579371
-2.00455,4,22546.305928
-2.0074,5,22586.45191
-2.01675,8,22637.778393
-2.00265,2,22655.063037
-2.00145,2,22672.165851
-2.0125,8,22724.179184
-2.0369,19,22858.470796
-2.0175,16,22959.762312
-2.07915,36,23195.366731
-2.0033,3,23217.912323
-2.12025,38,23488.83943
-2.00725,6,23534.8959
-2.02145,14,23627.652483
-2.021,13,23721.67023
-2.0114,10,23792.809622
-2.0126,15,23890.9808
-2.13095,68,24354.215829
-2.0053,4,24387.290188
-2.00125,2,24400.397822
-2.10855,54,24772.956041
-2.02755,21,24925.527048
-2.0122,5,24956.740502
-2.01125,6,25000.633637
-2.0049,3,25020.673755
-2.0075,7,25069.587925
-2.009,9,25131.378434
-2.0098,6,25179.25962
-2.0034,6,25220.479663
-2.0098,5,25256.170102
-2.00145,2,25273.325769
-2.00735,4,25307.663269
-2.00165,3,25334.641415
-2.00245,2,25349.925884
-2.00825,6,25393.59623
-2.01435,8,25458.666884
-2.0033,4,25482.560675
-2.00185,2,25499.838413
-2.00825,6,25543.586556
-2.00165,2,25562.239971
-2.00205,2,25577.205366
-2.00615,4,25608.980142
-2.00615,4,25640.303475
-2.00735,5,25679.719838
-2.00265,2,25692.47021
-2.00495,5,25734.297681
-2.0049,3,25756.61005
-2.00145,4,25783.042744
-2.0116,9,25849.170005
-2.01325,6,25892.315932
-2.03485,18,26015.104542
-2.0168,17,26124.027441
-2.0185,11,26211.949151
-2.00625,9,26276.201152
-2.00615,4,26301.959897
-2.0265,11,26381.403155
-2.00725,7,26427.416177
-2.0196,9,26492.930358
-2.1422,49,26821.504069
-2.0029,3,26845.339944
-2.0336,17,26957.873799
-2.06125,27,27138.107579
-2.00955,13,27225.770246
-2.0314,29,27438.333997
-2.0135,10,27500.294836
-2.00245,2,27517.443559
-2.09645,55,27887.319828
-2.06045,30,28093.808417
-2.1484,58,28503.898985
-2.01665,10,28578.545427
-2.01145,8,28641.177459
-1.8893,27,28821.709657
-2.0045,4,28849.769829
-3.4748,409,31528.214503
-2.03495,16,31632.945442
-2.00285,4,31660.659282
-2.0029,4,31690.69045
-2.00855,4,31716.476603
-2.01295,8,31773.165215
-2.0041,3,31795.590191
-2.0164,9,31858.944068
-2.01665,10,31923.407916
-2.00185,2,31938.504384
-2.0096,9,32000.181582
-2.0098,6,32047.970629
-2.13255,66,32470.040766
-2.00225,2,32488.32774
-2.00245,4,32521.170666
-2.0066,5,32556.710578
-2.00555,5,32594.48949
-2.00435,4,32624.881801
-2.01035,4,32657.161551
-2.03975,16,32762.324533
-2.00435,5,32797.882181
-2.0065,4,32828.226799
-2.00465,4,32860.557413
-2.00525,6,32904.126273
-2.0099,7,32950.326959
-2.0041,3,32970.867284
-2.0045,3,32995.448334
-2.0082,6,33038.909166
-2.00105,2,33054.058779
-2.0033,4,33078.143504
-2.01135,9,33144.348163
-2.00265,4,33170.835051
-2.00305,4,33198.991798
-2.005,5,33241.246462
-2.00125,2,33254.325866
-2.00185,2,33269.228428
-2.0033,3,33292.156972
-2.03915,20,33426.042227
-2.00725,7,33470.088648
-2.005,5,33503.457976
-2.00145,4,33531.136161
-2.0017,3,33556.502673
-2.01,9,33613.510365
-2.0919,47,33940.794662
-2.00125,2,33959.112041
-2.052,45,34237.263128
-2.0348,25,34396.587372
-2.0033,3,34416.681479
-2.02255,15,34513.163162
-2.00125,2,34527.911902
-2.05675,28,34703.053397
-2.00145,3,34721.454167
-2.0099,7,34765.298365
-2.00325,2,34782.379498
-2.00245,2,34795.243445
-2.02175,16,34895.706491
-2.1591,75,35361.800316
-2.00185,2,35377.487257
-2.072,141,36313.475801
-2.23895,70,36779.843087
-2.0225,11,36850.690825
-2.00125,2,36863.558637
-2.08785,47,37161.424738
-2.07105,50,37469.489373
-2.00185,2,37486.166218
-2.01855,8,37543.725151
-2.00205,4,37569.567669
-2.0041,3,37590.024337
-2.0074,7,37634.685354
-2.00265,3,37654.758178
-2.0111,7,37704.375799
-2.00205,2,37717.209409
-2.0185,11,37792.198292
-2.0017,4,37820.485331
-2.04635,41,38075.370476
-2.00225,3,38103.860628
-2.0029,3,38122.328547
-2.01225,7,38171.427749
-2.00185,2,38186.722129
-2.0019,3,38209.099725
-2.0198,13,38288.170742
-2.01545,14,38379.697234
-2.02685,22,38515.5075
-2.0539,24,38657.795909
-2.03675,16,38757.730257
-2.00555,4,38783.925277
-2.00145,2,38799.418276
-2.0037,3,38817.688148
-2.0857,31,39014.419771
-2.08155,52,39318.469743
-2.0116,9,39372.558799
-2.01125,6,39409.004133
-2.09495,36,39620.03748
-2.00205,2,39635.777272
-2.00205,3,39655.926371
-2.02805,26,39821.056706
-2.0066,7,39865.861681
-2.09275,37,40096.423189
-2.01,10,40156.471972
-2.00555,4,40184.828144
-2.0029,3,40205.265184
-2.0092,9,40265.250106
-2.32135,92,40820.110067
-2.0228,9,40877.765571
-2.0205,11,40946.241237
-2.08575,32,41126.235916
-2.0029,3,41146.760516
-2.0135,7,41189.881272
-2.0037,3,41229.681898
-2.0969,36,41445.908182
-2.00825,6,41483.316379
-2.00735,4,41505.855411
-2.00825,6,41547.05485
-2.00755,4,41569.849598
-2.03315,20,41678.407933
-2.00165,2,41690.72938
-2.15975,56,42013.917599
-2.00265,2,42030.326171
-2.07845,50,42303.371121
-2.00225,2,42318.917681
-2.00265,4,42341.383168
-3.35045,226,43636.466415
-2.00265,2,43651.816625
-2.04285,60,43985.891834
-2.65815,173,44985.02353
-2.106,57,45302.225963
-2.0132,33,45492.891743
-6.27975,458,48012.008016
-2.13935,29,48179.805311
-2.00195,4,48205.332045
-2.00405,2,48218.09108
-2.0667,23,48352.155755
-2.11475,94,48881.4886
-2.1635,67,49296.506465
-1.34865,168,50259.452571
-2.0441,19,50374.267731
-2.0122,7,50416.645869
-2.00055,6,50459.00562
-2.018,9,50520.404109
-2.4709,108,51140.620083
-2.0114,5,51171.82465
-2.01775,12,51249.282863
-2.01225,6,51288.665392
-2.06975,127,52034.741467
-2.0897,28,52198.342149
-2.0033,3,52218.05854
-2.00185,2,52232.910086
-2.0053,3,52250.485535
-2.0082,6,52286.8289
-2.0232,17,52388.915246
-2.00165,2,52403.737057
-2.00165,2,52419.023814
-2.00725,7,52462.480457
-2.00145,2,52475.616969
-2.0049,4,52503.356825
-2.01995,8,52547.155858
-2.00315,5,52577.111717
-2.00495,4,52602.298363
-2.0129,15,52688.980422
-2.01715,12,52757.309412
-2.00185,2,52772.605614
-2.098,41,53011.585963
-2.0164,10,53072.04023
-2.01155,4,53097.446121
-2.06835,64,53454.364043
-2.0318,13,53527.345421
-2.14245,50,53811.220655
-2.1361,72,54226.91006
-2.00065,3,54247.708177
-2.14045,54,54558.911393
-2.31515,88,55085.022004
-2.0037,3,55105.972975
-2.00065,2,55120.786788
-2.00285,2,55133.074022
-2.0033,3,55157.530032
-2.00225,2,55170.392017
-2.0049,3,55189.999758
-2.00265,2,55204.738409
-2.02465,14,55289.65232
-2.0087,7,55334.993896
-1.97915,48,55611.964312
-2.0065,4,55640.369959
-2.00225,2,55652.781306
-2.00675,4,55678.377643
-2.0049,3,55698.571659
-2.01085,6,55733.699966
-2.00305,2,55748.635689
-2.0037,3,55770.562583
-2.00615,4,55797.269737
-2.0053,3,55814.602675
-1.99865,5,55846.799628
-1.99835,4,55869.759671
-2.05805,11,55935.553808
-2.0057,7,55976.319983
-2.00205,2,55989.071015
-2.00675,4,56016.34648
-2.0171,7,56057.492972
-2.00245,2,56072.534598
-2.00165,4,56102.306826
-2.00325,3,56120.303351
-2.0053,3,56138.024724
-1.9987,4,56164.90525
-2.0347,12,56232.807777
-2.0153,23,56375.088531
-2.0195,7,56426.820517
-2.0292,9,56483.24649
-2.0045,3,56503.498869
-2.00875,8,56549.048771
-1.9658,34,56750.676199
-2.01485,11,56821.050852
-2.0077,3,56840.81477
-2.02315,14,56923.125663
-2.06625,29,57087.866824
-3.5799,335,59101.617916
-2.00375,4,59129.996821
-2.00205,2,59142.273311
-2.00795,4,59165.581835
-2.0106,5,59195.76402
-2.0041,5,59229.289633
-2.0042,10,59290.126556
-2.0289,20,59416.763255
-2.05125,42,59667.057968
-2.00165,3,59690.654627
-2.00185,2,59708.054244
-2.0132,9,59765.484098
-2.0123,7,59812.743023
-2.0025,3,59835.345894
-2.00065,2,59850.283803
-2.00145,2,59865.010589
-2.00125,3,59884.636357
-2.0082,5,59917.366529
-2.00265,2,59930.119119
-2.0049,3,59949.733999
-2.0029,4,59975.162604
-2.0441,19,60081.880122
-5.14145,594,63447.910421
-2.02255,12,63517.993338
-2.11685,60,63844.48831
-2.0041,3,63865.712869
-2.0037,3,63883.24208
-2.00105,2,63896.680305
-2.0082,5,63925.012739
-2.00245,2,63939.865669
-2.00735,4,63963.025809
-2.01015,9,64014.207891
-2.00225,2,64027.435648
-2.00735,4,64052.446098
-2.0029,3,64072.869334
-2.0037,4,64095.668284
-2.005,5,64126.218138
-1.9986,5,64154.896178
-2.0077,5,64182.808917
-1.9995,3,64200.615242
0.41495,370,66279.475709
-2.0045,3,66300.671927
-2.00285,3,66323.401089
-2.00265,3,66347.440653
-2.01845,10,66403.765654
-5.8214,725,70341.808598
-2.0693,19,70460.470645
-1.99995,2,70475.289944
-2.0057,3,70493.307503
-2.00795,4,70518.259923
-2.0041,3,70535.671641
-2.0147,7,70576.703931
-2.0122,6,70610.243753
-2.0061,4,70632.663308
-2.0021,3,70652.724509
-2.00185,2,70665.324692
-2.00915,6,70702.760392
-2.0069,3,70722.436167
-2.0074,5,70752.63078
-2.00185,2,70767.371875
-2.0033,3,70787.385363
-2.01935,12,70858.693503
-2.01325,6,70895.866572
-2.00245,2,70910.653809
-2.0037,6,70948.203015
-2.00285,3,70966.28701
-2.0044,9,71019.528429
-2.0074,5,71049.923302
-2.00225,2,71062.627386
-2.00325,2,71075.491746
-2.0099,7,71117.317051
-2.00225,2,71134.008426
-2.00205,2,71146.805677
-2.12575,41,71374.040735
-13.45885,1526,79652.60346
-2.01295,9,79706.938625
-2.00475,4,79732.064646
-2.01,9,79785.135925
-2.04655,20,79894.673345
-2.0074,6,79928.307584
-2.0443,33,80124.92721
-2.0057,4,80148.096824
-2.00085,3,80165.592998
-2.00915,4,80188.307841
-2.00285,2,80200.588597
-2.0025,4,80223.729568
-2.0135,7,80264.507413
-2.00045,2,80276.983518
-2.0017,3,80296.78268
-2.0049,3,80316.510208
-3.89705,330,82172.188671
-2.0041,4,82202.60975
-2.0037,5,82241.819131
-2.018,9,82294.97325
-2.0099,7,82338.043331
-2.0037,3,82359.709481
-2.0325,11,82429.132214
-2.00485,2,82444.408092
-2.0077,3,82461.834499
-2.0162,5,82497.145164
-2.00185,2,82511.565933
-2.00475,4,82543.991624
-2.0033,4,82568.446934
-2.00495,4,82591.064929
-2.01575,11,82657.062378
-2.00325,3,82676.835529
-2.0069,5,82707.452862
-2.00185,2,82721.84217
-2.0049,4,82747.055987
-2.0106,5,82785.648072
-2.0219,7,82830.525843
-2.0073,3,82850.163312
-2.00135,2,82865.043398
-2.0697,35,83072.293899
-2.01665,10,83125.891032
-2.00345,2,83138.501058
-2.0041,3,83158.553063
-2.01225,6,83192.033097
-2.0037,3,83209.805368
-2.00725,6,83243.490574
-2.00185,2,83256.231979
-2.00425,6,83292.564432
-2.0013,4,83315.827514
-2.00105,2,83328.281412
-2.00315,4,83351.428566
-2.0049,3,83369.205532
-2.0039,3,83389.198748
-2.00205,2,83402.204075
-2.0244,9,83453.97469
-1.9954,5,83483.810939
-1.9972,9,83533.519535
-9.27635,1032,89079.992587
182.51265,4960,117060.109992
-2.00205,2,117076.510669
-2.0021,3,117100.240435
-2.0037,3,117120.831885
-2.00135,4,117147.023533
-2.0127,7,117189.431658
-2.0193,11,117260.287482
-2.00225,2,117273.822351
-2.00735,4,117301.613279
-2.0392,17,117398.595835
-2.0205,11,117459.815611
-2.0045,3,117480.234391
-2.0029,3,117498.514454
-2.00165,2,117512.257069
-2.0111,7,117555.742221
-2.00185,5,117591.922295
-2.00845,10,117652.936184
-2.0033,3,117671.039757
-2.00895,8,117720.343885
-2.00675,4,117744.114296
-2.00675,4,117768.184058
-2.0041,3,117786.415427
-2.0098,5,117817.519633
-2.00125,3,117838.285124
-2.01825,18,117949.243814
-2.0228,10,118010.940242
-2.01125,7,118065.972091
-2.02535,12,118136.790608
-2.04205,30,118313.138122
-2.0424,17,118418.526614
-2.0285,11,118493.833863
-2.0225,14,118580.960889
-2.00205,2,118593.630545
-2.0224,17,118693.735839
-2.0041,3,118712.062862
-2.0099,7,118760.324476
-2.02255,12,118834.292364
-2.00105,2,118847.625412
-2.0196,10,118910.48483
-2.00765,10,118970.614739
-2.01305,11,119037.464968
-2.0212,14,119117.863456
-2.00305,3,119138.305076
-2.0025,3,119156.473767
-2.0333,19,119275.140627
-2.00925,7,119320.24739
-2.00185,2,119333.090463
-2.0049,3,119351.947534
-2.0116,9,119409.528886
-2.00185,3,119428.292077
-2.02805,19,119544.575678
-2.01595,12,119612.867258
-2.0025,4,119639.388975
-2.052,17,119742.10735
-2.00435,5,119771.355002
-2.0099,7,119816.413092
-2.01125,7,119859.034146
-2.00435,4,119885.230966
-2.02775,16,119976.326057
-2.07845,34,120184.541238
-2.0195,7,120226.503313
-2.00205,2,120241.079828
-2.12255,44,120491.071201
-2.0627,23,120620.465018
-2.0082,5,120657.868693
-2.01485,11,120722.065018
-2.00615,5,120753.98088
-2.08085,34,120951.197893
-2.0066,5,120982.624829
-2.04655,20,121096.707115
-2.00165,2,121109.850715
-2.01025,6,121150.694892
-2.00145,3,121171.211826
-2.08525,36,121378.88606
-2.0057,3,121397.063209
-2.0098,5,121430.433752
-2.02475,12,121499.483096
-2.0037,3,121518.392963
-2.03975,16,121615.62986
-2.0265,11,121680.292518
-2.00245,2,121692.974642
-2.01725,6,121727.415989
-2.09,41,121965.683995
-2.0037,8,122011.588827
-2.00825,6,122046.087544
-2.00945,6,122083.158164
-2.0074,5,122114.693339
-2.0198,13,122191.206501
-2.01295,9,122247.263198
-2.0696,29,122417.550997
-2.00525,6,122454.633556
-2.00435,4,122478.752613
-2.03465,22,122608.159837
-2.00105,2,122620.984005
-2.122,42,122860.814541
-2.01845,11,122924.480506
-2.0901,35,123131.771441
-2.02665,30,123302.991038
-2.00205,2,123316.040027
-2.0369,19,123430.247657
-2.06325,37,123642.741407
-2.06405,22,123770.969644
-2.02525,14,123853.000564
-2.0093,7,123898.000514
-2.03825,18,124004.301547
-2.0025,3,124022.955305
-2.005,5,124052.412318
-2.02075,16,124149.959179
-2.00265,2,124164.964833
-2.0264,17,124270.681593
-2.0045,3,124289.139547
-2.0517,27,124445.485361
-2.00125,2,124458.802476
-2.09805,38,124683.151428
-2.03675,16,124781.67236
-2.07175,36,124984.154287
-2.05035,20,125100.588276
-2.0077,3,125118.699225
-2.0178,5,125149.810457
-2.0245,11,125211.602916
-2.0037,3,125232.275154
-2.00555,4,125256.116369
-2.00265,2,125272.046837
-2.00325,7,125319.897871
-2.0369,19,125430.938719
-2.0044,9,125484.424792
-2.0147,7,125524.904093
-2.0677,27,125695.469668
-2.06765,34,125899.631187
-2.00145,2,125915.125758
-2.00085,2,125927.962819
-2.0294,13,126002.555884
-2.0053,3,126023.420956
-2.2482,69,126417.566088
-2.02475,12,126492.455747
-2.0037,3,126513.393219
-2.00205,2,126526.375819
-2.009,5,126557.642274
-2.0135,7,126600.914776
-2.00245,2,126615.430341
-2.00615,4,126642.001142
-2.03155,21,126765.970243
-2.0049,3,126784.459301
-2.0123,7,126827.941122
-2.06955,36,127035.955128
-2.00125,2,127069.831345
-2.0165,12,127136.72921
-2.0049,3,127154.665267
-2.01125,6,127190.927778
-2.0205,12,127260.065655
-2.0061,3,127277.954484
-2.02565,10,127333.710481
-2.01715,8,127384.451122
-2.00165,3,127402.870968
-2.0058,5,127430.913579
-2.00735,5,127459.153245
-2.00675,4,127484.338141
-2.0075,7,127524.623014
-2.00145,2,127537.352686
-2.02545,18,127635.499527
-2.00225,2,127648.66763
-2.00225,2,127660.828512
-2.07175,36,127860.834092
-2.11475,37,128072.527032
-2.00665,8,128118.344032
-2.67195,232,129391.816744
-2.00175,2,129407.429915
-2.01215,5,129439.701889
-2.0596,17,129541.676996
-2.0154,5,129572.554015
-2.00925,9,129625.767347
-2.0044,5,129653.393268
-2.00265,2,129666.116632
-2.0132,7,129704.199183
-2.00065,3,129721.745131
-2.0127,13,129793.648892
-2.02225,6,129828.480076
-2.02695,9,129884.802667
-2.01995,8,129934.012225
-1.9982,5,129961.84393
-2.0255,7,130000.016774
-2.00305,2,130012.24731
-2.0686,30,130171.693631
-3.03435,176,131156.713753
-1.835,335,132966.215336
-2.00245,3,132987.155571
-2.06645,26,133128.022921
-2.01845,10,133181.524769
-2.00145,2,133193.767441
-2.01665,10,133247.125008
-2.0021,3,133264.656738
-2.0114,7,133307.618049
-2.00165,2,133321.068561
-2.00855,4,133345.180923
-2.0195,7,133384.349089
-1.99995,2,133396.80799
-2.086,21,133506.401693
-2.027,31,133679.925856
-2.09085,31,133845.368497
-2.02135,8,133894.119152
-2.0074,6,133928.249887
-2.00245,2,133940.779388
-2.0345,11,134000.378225
-2.00535,4,134023.754704
-2.0287,17,134112.60469
-2.0131,8,134163.220658
-2.0539,23,134288.992972
-2.05445,22,134409.721892
-2.0423,20,134515.969201
-2.0029,3,134533.240703
-2.0082,5,134561.37609
-2.05285,30,134727.147385
-2.00615,4,134756.186883
-2.00795,4,134781.704212
-2.01495,16,134868.786935
-2.0068,9,134922.305469
-2.13395,52,135206.575367
-2.0049,3,135226.894672
-2.01855,9,135275.118713
-2.00245,2,135289.403852
-2.0507,23,135414.686844
-2.01125,6,135448.51586
-2.01125,10,135505.824173
-2.0089,27,135652.470371
-2.01715,8,135700.535222
-2.00735,4,135723.814847
-2.0196,9,135779.554649
-2.0584,25,135921.885757
-2.1738,93,136421.308245
-2.0142,14,136504.353865
-2.0264,13,136577.99402
-2.041,21,136694.771752
-2.00555,4,136718.355447
-2.00165,2,136730.623641
-2.0272,18,136828.692918
-2.00495,4,136851.268944
-2.03825,18,136946.908488
-2.0039,3,136964.576011
-2.0121,20,137075.553709
-2.00735,9,137126.823718
-6.64745,826,141575.956095
-2.0232,17,141670.789481
-2.03835,20,141786.71714
-2.07575,42,142015.278839
-2.08245,59,142332.305114
-2.01155,8,142378.764313
-2.0004,12,142442.549426
-2.02025,11,142501.783951
-2.07815,72,142874.31765
-2.02785,24,143003.032828
-2.00145,2,143015.580362
-2.0075,8,143064.514312
-2.00225,3,143082.332923
-2.00185,2,143095.173231
-2.03775,42,143330.614125
-2.0538,41,143549.502563
-2.01225,6,143582.943284
-2.036,17,143679.562011
-2.093,21,143793.850075
-2.00725,7,143833.618687
-2.2464,65,144193.492291
-2.04375,29,144361.064289
-2.00675,6,144394.542802
-2.00945,10,144447.823537
-2.0084,9,144496.480679
-2.00245,2,144508.867032
-2.009,5,144542.365205
-2.0082,5,144570.906912
-2.00525,6,144610.23052
-2.0264,17,144706.548458
-2.0111,7,144747.979265
-2.0935,39,144959.593723
-2.00245,2,144972.135054
-2.00545,6,145005.042856
-2.00145,2,145017.670615
-2.041,23,145140.046339
-2.0151,8,145183.574096
-2.0049,3,145201.280389
-2.00855,4,145223.779903
-2.0561,43,145457.397857
-2.0033,6,145492.618373
-2.0013,3,145511.239594
-2.0099,8,145562.416632
-2.01625,14,145640.425128
-2.0029,3,145658.087803
-2.0058,7,145698.999761
-2.00465,8,145743.471939
-2.0045,4,145766.963638
-2.01155,8,145810.939528
-2.1114,46,146073.936513
-2.01995,8,146121.363005
-2.00225,5,146149.423411
-2.02125,18,146255.397733
-2.05625,27,146404.098583
-2.04695,20,146511.602143
-2.012,11,146570.53938
-2.07425,42,146805.906815
-2.0074,5,146833.933279
-2.01155,10,146891.963401
-2.03625,39,147102.05497
-2.02125,20,147210.109455
-2.0148,10,147269.617299
-2.0784,37,147465.291843
-2.01325,11,147525.003824
-2.0049,3,147542.685837
-2.00855,5,147570.414232
-2.0159,7,147608.969068
-2.07695,31,147773.563068
-2.00375,7,147811.93434
-2.1422,78,148224.968106
-2.00955,8,148272.318191
-2.05145,22,148393.608397
-2.11175,48,148644.885543
-2.0131,7,148687.354447
-2.00185,3,148710.834892
-2.02175,16,148797.08657
-2.0138,21,148908.175058
-2.35365,102,149455.53174
-2.01855,8,149503.422496
-2.0033,4,149526.402163
-2.0275,11,149585.550283
-2.00825,6,149618.944995
-2.06395,36,149807.2486
-2.0058,8,149850.766229
-2.00205,2,149863.890007
-2.1689,60,150187.319118
-2.02145,10,150244.566559
-2.23655,84,150688.350114
-2.0917,35,150874.461539
-2.00225,2,150886.671346
-2.07475,25,151022.500856
-2.00225,3,151044.962607
-2.0399,24,151171.426275
-2.0392,18,151266.552507
-2.00125,3,151284.008394
-2.035,29,151443.52985
-2.0396,25,151573.785392
-2.00185,2,151585.998131
-2.015,16,151670.563741
-2.08015,48,151926.8298
-2.0082,5,151957.767067
-2.1056,65,152297.965183
-2.0039,4,152323.736797
-2.0186,37,152523.182523
-2.0045,4,152545.730132
-2.06125,26,152682.269014
-2.05635,24,152813.235513
-2.0486,23,152935.385213
-2.0074,6,152968.292184
-2.0369,20,153078.325349
-2.0151,8,153123.937339
-2.0294,13,153193.008892
-2.02825,35,153374.00632
-2.20855,140,154113.207899
-2.03885,38,154318.437888
-2.0686,32,154491.647727
-2.03075,16,154577.008262
-2.3534,127,155249.55596
-2.00185,8,155296.775974
-2.01025,6,155331.1173
-2.08745,35,155513.68553
-2.01485,14,155589.691535
-2.0074,5,155618.730599
-2.04715,24,155751.844572
-2.0259,15,155832.189739
-2.04245,23,155953.931679
-2.0893,35,156135.715114
-2.1353,70,156507.809267
-2.1639,79,156937.331552
-2.0165,11,156999.22725
-2.0947,39,157202.124974
-2.01485,10,157255.737885
-2.00105,2,157268.295061
-2.05985,26,157405.691165
-2.0196,10,157465.154528
-2.0693,47,157710.301766
-2.00125,2,157727.844362
-2.0111,7,157766.660928
-2.0136,17,157863.510609
-2.0962,54,158150.130578
-2.02805,19,158263.156128
-2.01125,7,158301.625299
-2.0605,43,158531.052328
-2.00185,2,158543.556234
-2.00065,5,158571.805154
-2.0236,25,158704.428549
-2.0262,15,158784.190713
-2.00735,5,158812.527755
-2.0451,24,158939.089427
-2.0085,11,158997.740721
-2.15335,56,159288.610925
-2.00165,3,159309.416933
-2.0481,28,159462.792092
-2.041,21,159578.684213
-2.01055,12,159643.182923
-2.0588,25,159778.373755
-2.01435,8,159821.891952
-2.01295,8,159865.554276
-2.0896,41,160080.957495
-2.02125,18,160175.226475
-2.00825,7,160213.63281
-2.0127,7,160251.410839
-2.03895,21,160361.888005
-2.063,29,160520.589231
-2.02665,14,160597.338785
-2.02675,25,160728.492238
-2.0222,14,160803.162196
-2.0058,5,160831.889171
-2.027,15,160911.562576
-2.0319,23,161046.755282
-2.21445,94,161543.799252
-2.0747,141,162283.070547
-2.00945,10,162340.458172
-2.30465,135,163065.659392
-2.0398,29,163223.082982
-2.0371,16,163307.399913
-2.0087,11,163366.777935
-2.00165,2,163379.967651
-2.02835,20,163484.723929
-2.1328,49,163751.881159
-2.961,253,165085.352569
-2.04875,47,165341.343408
-2.00045,7,165385.909971
-2.0033,3,165403.86827
-2.01205,26,165540.283776
-2.06435,41,165756.126261
-2.04785,32,165922.259165
-2.0294,29,166073.833725
-2.053,21,166186.200126
-2.0037,4,166209.739772
-2.00675,5,166238.096448
-2.0106,13,166307.376019
-2.0174,16,166393.024616
-2.01065,6,166427.358724
-2.00145,2,166441.144
-2.01565,11,166501.230226
-2.00245,5,166529.51127
-2.0246,14,166604.190463
-2.009,8,166647.760643
-2.06105,38,166854.75988
-2.00625,9,166904.188959
-2.0203,16,166989.48785
-2.00725,6,167023.029441
-2.0099,8,167066.55527
-2.0741,27,167214.609859
-2.11635,56,167509.698545
-2.01225,8,167556.825546
-2.0183,9,167606.262876
-2.02145,14,167681.222569
-2.00185,2,167693.800084
-2.0806,41,167910.231035
-2.02565,10,167964.045352
-2.0174,10,168018.418
-2.0042,8,168067.980237
-2.02525,18,168163.600845
-2.0813,49,168419.470793
-2.23185,101,168956.484042
-2.1339,54,169255.615015
-2.12125,99,169780.728795
-2.0319,24,169910.849621
-2.0985,55,170203.515768
-2.03145,18,170308.407991
-2.04135,27,170452.228393
-2.05,42,170677.152724
-2.0451,23,170798.997376
-2.4184,134,171516.384913
-2.027,13,171589.714852
-2.13865,103,172135.659869
-2.1234,46,172379.312399
-2.2314,76,172782.936799
-2.3787,132,173495.677292
-2.379,127,174157.658129
-2.56875,154,174973.744863
-2.0704,37,175175.173595
-2.14765,86,175623.420639
-2.0057,3,175644.579709
-2.1134,29,175796.607606
-2.14575,68,176163.361129
-2.082,41,176384.402453
-2.07025,35,176568.455552
-2.00515,10,176622.794039
-2.22525,94,177116.788022
-2.2776,179,178060.261511
-2.1038,49,178325.058417
-2.81225,314,179952.993057
-1.71815,372,181933.307303
-4.85445,590,185166.315516
-2.07755,28,185322.330974
-2.0106,5,185351.833017
-5.7859,680,188998.903349
-1.8499,225,190212.432243
-2.1438,161,191077.610281
-2.2009,83,191543.446762
-3.0478,310,193206.267373
-4.04335,1022,198691.710126
-2.36005,210,199787.17232
-3.2673,363,201667.244296
-6.1942,1317,208451.480734
-2.48935,417,210619.387172
-9.98365,1444,218105.678508
-2.1406,242,219360.091642
-2.07345,17,219454.437308
-3.26335,310,221126.133981
-18.46385,1226,227917.769963
